solID,Google.Search_alphas,Google.Search_gammas,Google.Search_thetas,programmatic_behavioural_investments_alphas,programmatic_behavioural_investments_gammas,programmatic_behavioural_investments_thetas,programmatic_sociodemo_investments_alphas,programmatic_sociodemo_investments_gammas,programmatic_sociodemo_investments_thetas,reservation_social_display_investments_alphas,reservation_social_display_investments_gammas,reservation_social_display_investments_thetas,reservation_social_video_investments_alphas,reservation_social_video_investments_gammas,reservation_social_video_investments_thetas,TV.settimanale_alphas,TV.settimanale_gammas,TV.settimanale_thetas,lambda,mape,nrmse,decomp.rssd,rsq_train,lambda_hp,lambda_max,pos,Elapsed,ElapsedAccum,iterPar,iterNG,df.int,trial,iterations,coef0,mape.qt10,robynPareto
1_502_1,0.692708653404724,0.791087591532218,0.238742618829432,2.73625958810215,0.696567524375026,0.376834082248042,2.94333638491701,0.690907706844802,0.214966767078272,2.40609862781297,0.504469695659746,0.197908299137534,0.549045860352496,0.364973208112047,0.170422403826505,2.15899628119568,0.873083231508673,0.392731048600783,36319.7620144037,0,0.16583837929176,0.389095040661424,0.483918124092571,0.00480423006959533,7406528.60197952,0,0.0366392135620117,79.3781671524048,1,502,0,1,1003,TRUE,TRUE,2
1_531_1,2.53481507140284,0.94513688753895,0.272741173724353,2.97282628747287,0.69232212354206,0.396677950264706,2.19570014473662,0.671034545864163,0.0986454373779947,1.89154527932587,0.689086009711872,0.0374876964777665,0.722190759688239,0.425604926188996,0.388760839562916,2.94291180203521,0.973044718980897,0.422879445703502,29928.5744099586,0,0.165274567303851,0.22008037575206,0.487421276125826,0.00394123106822571,7406528.60197952,0,0.0319249629974365,85.1226921081543,1,531,0,1,1061,TRUE,TRUE,1
1_622_1,1.93897180638717,0.891097938974301,0.238742618829432,2.73625958810215,0.696567524375026,0.327391475389033,2.65687919944373,0.708052652664533,0.246034635137802,1.93415407183393,0.731030920345304,0.0534280455296279,2.82771830767808,0.304853040921158,0.398194978421394,2.51886774893665,0.863455284501614,0.443609280784153,22644.2519972985,0,0.164618740746702,0.334466518237168,0.491481135800302,0.00295763250144169,7406528.60197952,0,0.0290918350219727,99.6522619724274,1,622,0,1,1243,TRUE,TRUE,1
1_682_1,1.93897180638717,0.891097938974301,0.238742618829432,2.73625958810215,0.696567524375026,0.327391475389033,2.65687919944373,0.708052652664533,0.246034635137802,1.93415407183393,0.731030920345304,0.0534280455296278,2.82771830767808,0.304853040921158,0.282939529502373,2.51886774893665,0.863455284501614,0.443609280784153,22644.2519972985,0,0.164614862745351,0.335545429820886,0.491505094355755,0.00295763250144169,7406528.60197952,0,0.0323600769042969,109.6887550354,1,682,0,1,1363,TRUE,TRUE,1
1_727_1,2.46082332694512,0.805955285330473,0.213181654153051,2.44098670382293,0.69732314930726,0.351430853634624,2.42115237941835,0.798441595000352,0.241729887424675,2.47453729197817,0.922234166923245,0.137049988018519,2.53210971743013,0.357820259266093,0.396362054337611,2.51886774893665,0.863455284501614,0.443609280784153,22644.2519972985,0,0.164569429574253,0.42040141307442,0.491785741528827,0.00295763250144169,7406528.60197952,0,0.0509860515594482,116.956995010376,1,727,0,1,1453,TRUE,TRUE,2
2_649_1,0.723223258607308,0.673323906735757,0.346439044527822,2.02729690225895,0.742127263542545,0.232306513544052,1.48049506636302,0.934048049636726,0.125683704998982,1.47744597985074,0.884415181105411,0.34610490858615,2.99090653039341,0.973112323608095,0.354315415258275,0.572352027115232,0.793905689863092,0.771773157361437,691265.492323919,0,0.236658786047915,0.0131548475524605,-0.0361758691444518,0.0932412383675982,7406528.60197952,0,0.0431818962097168,104.543343067169,1,649,1,2,1297,TRUE,TRUE,2
2_694_1,0.577948860430125,0.641134234361332,0.337694258830063,2.02729690225895,0.742127263542545,0.232306513544052,1.48049506636302,0.934048049636726,0.125683704998982,1.47744597985074,0.884415181105411,0.34610490858615,2.99090653039341,0.973112323608095,0.354315415258275,0.572352027115232,0.793905689863092,0.771773157361437,691265.492323919,0,0.236658786047915,0.0131548475524605,-0.0361758691444518,0.0932412383675982,7406528.60197952,0,0.0287580490112305,111.742937088013,1,694,1,2,1387,TRUE,TRUE,3
2_709_1,1.78195012378417,0.920324032588871,0.325961295645349,2.02729690225895,0.742127263542545,0.232306513544052,1.48049506636302,0.934048049636726,0.125683704998982,1.47744597985074,0.884415181105411,0.34610490858615,2.99090653039341,0.973112323608095,0.354315415258275,0.572352027115232,0.793905689863092,0.771773157361437,691265.492323919,0,0.236658786047915,0.0131548475524605,-0.0361758691444518,0.0932412383675982,7406528.60197952,0,0.0301880836486816,114.222978115082,1,709,1,2,1417,TRUE,TRUE,3
2_720_1,0.989001491072157,0.606025477022086,0.293225992610445,1.25342178757067,0.320233048697384,0.320743592152506,1.32211774108116,0.326793518402224,0.279682522923347,0.729829334434089,0.744325716484431,0.267352918188235,2.25414693062665,0.991650798924853,0.00188367643343215,0.819358570991374,0.754222526463698,0.513425197369018,14832.7078656317,0,0.161019397463075,1.00866730229914,0.513475279080653,0.0019028434384365,7406528.60197952,0,0.0325841903686523,115.99343419075,1,720,0,2,1439,TRUE,TRUE,3
2_813_1,1.5820682801024,0.707974320354262,0.303696773995985,1.55703261191405,0.897857338552326,0.275464802588517,1.27755086787364,0.573677817099417,0.32345451939742,2.82390443360807,0.584453894364374,0.310023494506678,2.29624199973132,0.89795636213956,0.0517521196667321,0.506125156015022,0.760392430752787,0.774959733454029,426307.974440898,0,0.225821520028713,0.0301148781501558,0.0565500585358258,0.057464151620937,7406528.60197952,0,0.0304090976715088,131.63499212265,1,813,1,2,1625,TRUE,TRUE,3
2_828_1,2.29074642364246,0.688259370031843,0.241901594285089,1.49246501591567,0.891994646401056,0.287057772439448,1.56162391410979,0.461864458896376,0.39072252773243,2.82390443360807,0.584453894364374,0.310023494506678,2.29624199973132,0.89795636213956,0.0517521196667321,0.506125156015022,0.760392430752787,0.774959733454029,426307.974440898,0,0.22582374016116,0.0241980892573237,0.0565315076543732,0.0574641516209369,7406528.60197952,0,0.0298500061035156,134.278330087662,1,828,1,2,1655,TRUE,TRUE,3
2_848_1,0.672156676322274,0.384855502969487,0.276289939652526,0.697581566033569,0.491486042637708,0.344361193901768,1.63173353195667,0.75412035057765,0.0340062297675849,0.628870852971448,0.937186500877634,0.291864835495084,2.72345551038307,0.932446322596679,0.077622024820908,0.863582387315648,0.806565572921346,0.520572418595086,24648.337659635,0,0.161313867561732,0.966421874625164,0.511694152245149,0.00322824322863309,7406528.60197952,0,0.0330030918121338,137.762890100479,1,848,0,2,1695,TRUE,TRUE,1
2_893_1,0.795106099227889,0.374561922948224,0.371408291569608,0.524902865770032,0.51999503763386,0.26274041134896,1.53946814039362,0.75412035057765,0.0340062297675849,0.529426491439809,0.841286215179265,0.366150820792542,2.42969748926686,0.841612306194755,0.079912190449442,1.54625486057343,0.401257983722808,0.474315826246536,36159.5098733237,0,0.162638995587417,0.962169007202421,0.503638732417118,0.00478259129973302,7406528.60197952,0,0.0328781604766846,145.429164171219,1,893,0,2,1785,TRUE,TRUE,1
2_903_2,0.897138852238168,0.650855692496782,0.337151111667924,2.68844026208352,0.64519194815776,0.098986033263777,2.66432336225198,0.89158423811965,0.016029915900187,2.78056634487482,0.9405836059088,0.190157475123724,2.84901474722738,0.96101615172128,0.10556557216123,1.00311190752632,0.35648290638741,0.735369163999214,252050.659157188,0,0.212471560772661,0.272598123361419,0.16480126967171,0.0339342697932467,7406528.60197952,0,0.0309829711914063,147.122241973877,2,903,1,2,1806,TRUE,TRUE,3
2_905_1,1.80077736472296,0.385937857283316,0.0893012785730301,0.729939402096003,0.302751515317198,0.34397523509572,1.58805980121821,0.405068673082526,0.223711481415018,0.824355324114779,0.825202110568551,0.17292588723788,2.51566550124376,0.98146015602137,0.019978633412476,0.7220627942059,0.587749360494844,0.458732287154905,11265.8354829733,0,0.16051999268133,1.01920273542716,0.516488530695125,0.00142121036884764,7406528.60197952,0,0.0317618846893311,147.473155975342,1,905,0,2,1809,TRUE,TRUE,1
2_948_2,1.97499283364922,0.626603941452498,0.323724863939643,2.00190805846281,0.547768844094021,0.182074356485636,2.91606985168645,0.703277916977994,0.0228735686842863,2.68803623474853,0.9405836059088,0.190157475123724,2.84901474722738,0.96101615172128,0.10556557216123,1.00311190752632,0.35648290638741,0.735369163999214,252050.659157188,0,0.212437974525831,0.296821753805412,0.16506529534671,0.0339342697932467,7406528.60197952,0,0.029304027557373,155.189607143402,2,948,1,2,1896,TRUE,TRUE,3
2_950_1,1.80077736472296,0.385937857283316,0.0893012785730301,0.729939402096003,0.302751515317198,0.317026579325274,1.77966473964112,0.513125425477848,0.312543485262286,2.49961540345396,0.697304652872505,0.207062348292634,2.54934155652749,0.906504606593135,0.059873387999116,0.528523937775182,0.592685283926116,0.458732287154905,11265.8354829727,0,0.160580586763615,1.0258313867852,0.516123423981003,0.00142121036884757,7406528.60197952,0,0.0304498672485352,155.484549045563,1,950,0,2,1899,TRUE,TRUE,2
2_953_2,1.10607002444025,0.734661658180323,0.329032104325911,0.886847160555646,0.70236861514975,0.300146079916257,1.0855281509594,0.536209501298148,0.249370662124832,0.903176905382537,0.543048831820122,0.391075675216708,2.66539079833013,0.939477228178521,0.0289833073409078,0.826011721027759,0.932907201350159,0.536056240795048,14992.0776649407,0,0.160738475710682,0.978018864171386,0.515171424443266,0.00192436306611203,7406528.60197952,0,0.0330779552459717,156.03027009964,2,953,0,2,1906,TRUE,TRUE,2
2_963_2,2.12186118886867,0.533706396385335,0.310815864352594,1.92877678545033,0.398567981372842,0.111767286786713,2.58898953588702,0.787495550088476,0.0228735686842863,2.68803623474853,0.9405836059088,0.190157475123724,2.84901474722738,0.96101615172128,0.10556557216123,1.00311190752632,0.35648290638741,0.735369163999214,252050.659157188,0,0.212387392064217,0.300111812634986,0.16546285161978,0.0339342697932467,7406528.60197952,0,0.0279278755187988,157.961683034897,2,963,1,2,1926,TRUE,TRUE,2
2_968_2,1.10607002444025,0.734661658180323,0.329032104325911,0.886847160555646,0.70236861514975,0.300146079916257,1.0855281509594,0.536209501298148,0.249370662124832,0.903176905382537,0.543048831820122,0.391075675216708,2.77690684805982,0.803918061096175,0.0423936067999167,0.883759368054818,0.932907201350159,0.536056240795048,14992.0776649407,0,0.160713470361745,0.990732343074213,0.515322257834824,0.00192436306611203,7406528.60197952,0,0.0459070205688477,158.884802103043,2,968,0,2,1936,TRUE,TRUE,2
2_970_1,1.08349299031705,0.481288331351931,0.351282340176733,1.91011032087714,0.340070048660175,0.261998209826623,1.39567433852832,0.933525166753034,0.0992846667322961,2.99477501127122,0.868709233560617,0.385490998894492,2.91190900052132,0.635704612581827,0.100819020815388,0.648221153139826,0.740220475347468,0.795132415764873,395105.155160013,0,0.223748414735507,0.0364950421451111,0.0737928203687047,0.0532508498770494,7406528.60197952,0,0.0469999313354492,159.17950797081,1,970,1,2,1939,TRUE,TRUE,3
2_975_1,0.535505545190146,0.579443557096258,0.377055166186808,2.73863146391472,0.526571127061649,0.349882046950276,0.776998572995154,0.82825312536493,0.0225190578659277,1.29445548650561,0.761626350855995,0.397782680075128,2.64162475436421,0.768424564788286,0.0888159975196164,0.527289725368393,0.894630631507365,0.793982690909871,307504.510064485,0,0.217699973785868,0.0611832013108009,0.123191073354315,0.0414221767233784,7406528.60197952,0,0.0290021896362305,160.047123193741,1,975,1,2,1949,TRUE,TRUE,2
2_978_2,2.12186118886867,0.533706396385335,0.310815864352594,0.95875378157547,0.519700776554868,0.17765767404683,2.77783689062971,0.643971697148169,0.010610637930026,2.68803623474853,0.9405836059088,0.190157475123724,2.84901474722738,0.96101615172128,0.10556557216123,1.00311190752632,0.35648290638741,0.735369163999214,252050.659157188,0,0.212012218664675,0.333355430517652,0.168408597131112,0.0339342697932467,7406528.60197952,0,0.0315001010894775,160.619023084641,2,978,1,2,1956,TRUE,TRUE,2
2_983_2,1.10607002444025,0.734661658180323,0.329032104325911,0.886847160555646,0.70236861514975,0.300146079916257,1.0855281509594,0.536209501298148,0.150421096424152,1.3625921649571,0.816141911248353,0.355099061912261,2.92580338398075,0.939477228178521,0.0289833073409078,0.826011721027759,0.932907201350159,0.536056240795048,14992.0776649407,0,0.160520493302521,1.00614366680075,0.516485514790864,0.00192436306611203,7406528.60197952,0,0.0329978466033936,161.469753026962,2,983,0,2,1966,TRUE,TRUE,1
2_991_2,0.528903187111116,0.481891372135771,0.355838192586429,0.876204587483094,0.478383207160665,0.179830396307266,1.90933139117152,0.655863258887715,0.287355403823109,2.3143758602421,0.715524643678993,0.354814134925916,2.53009475192241,0.620049556940657,0.0356388287749907,0.884947907356699,0.595646315610862,0.553528099998972,7821.11212817827,0,0.161158098666085,0.986585571563984,0.512636738764777,0.000956071023991756,7406528.60197952,0,0.0567789077758789,162.976629972458,2,991,0,2,1982,TRUE,TRUE,3
3_653_2,0.967922905167513,0.551286278455486,0.140448448184238,2.07670695472215,0.482741692857092,0.186307845794471,1.72332854573859,0.768281852101286,0.232970494575002,1.76213033246477,0.650689594387261,0.201031837083851,0.565537684381687,0.760186656232183,0.265300758406941,2.88705013194608,0.765047509792943,0.473434491860541,6819.31859393417,0,0.163497445388803,0.56157861687673,0.498385062900446,0.00082079932284033,7406528.60197952,0,0.0308809280395508,109.825426101685,2,653,0,3,1306,TRUE,TRUE,3
3_701_1,0.569619553307506,0.364882879196367,0.15119229800133,1.77855569125003,0.376740034996986,0.0640978413695844,1.22014306499571,0.979959216455589,0.150735816427358,0.734550922715131,0.433862488103858,0.296498653952565,2.993054286314,0.831941153927712,0.099825149577696,0.724509027405957,0.315974493680826,0.79189103009497,374955.961265784,0,0.222867738328074,0.022776700545859,0.0810695962247708,0.0505301138753354,7406528.60197952,0,0.0308670997619629,117.843244075775,1,701,1,3,1401,TRUE,TRUE,1
3_722_2,1.39592526824887,0.627324242822813,0.249439914838479,2.39994489277284,0.626759096679851,0.135037667228865,1.65083546341631,0.960108357411981,0.150755966975452,0.541134846831553,0.433030280870145,0.206510271665864,2.75660649581617,0.990244920397386,0.128237137826272,0.707592378936877,0.314796599055071,0.792507396826614,285715.244964136,0,0.216231109403343,0.0486728915013405,0.134983160218248,0.0384799826921627,7406528.60197952,0,0.0295941829681397,121.430652141571,2,722,1,3,1444,TRUE,TRUE,1
3_732_1,1.26517689168525,0.569694866162119,0.229431477166691,2.07063122840614,0.479643133282207,0.0494524097709133,2.47836870277442,0.408041413257359,0.124392082602724,0.593180979943373,0.465175707095003,0.243863066276697,2.7921623750927,0.981334437802286,0.143494874498075,0.806046988912667,0.335150794660257,0.793124881713743,335224.894135659,0,0.220187403506173,0.0396664054532133,0.103039848249779,0.0451652469087016,7406528.60197952,0,0.0280640125274658,123.073718070984,1,732,1,3,1463,TRUE,TRUE,2
3_748_1,0.729840656910052,0.599679973589897,0.333495696736248,2.12877402263342,0.405467938887058,0.0515031662673909,1.29789042624752,0.876323247543749,0.131027632387395,1.01321567788716,0.348586643078569,0.297487902050655,2.8465863988795,0.918787012820261,0.145860415193903,0.625970920707211,0.355335498854846,0.775994441609438,380227.547211795,0,0.223210502187686,0.0365214949041139,0.0782408481415063,0.0512419336009648,7406528.60197952,0,0.0305149555206299,125.748569011688,1,748,1,3,1495,TRUE,TRUE,3
3_803_2,0.967922905167513,0.551286278455486,0.140448448184238,2.07670695472215,0.772526791282806,0.237232702150404,0.916277313832581,0.788450002108239,0.222571837116964,1.62672115829948,0.650689594387261,0.201031837083851,0.565537684381686,0.760186656232183,0.265300758406941,2.88705013194608,0.765047509792943,0.473434491860541,6819.31859393417,0,0.163663193792752,0.402036063549705,0.497367505491023,0.00082079932284033,7406528.60197952,0,0.035789966583252,135.173449039459,2,803,0,3,1606,TRUE,TRUE,1
3_851_1,1.29568545007851,0.500951856154406,0.220445047044659,1.63170589503279,0.798895307820955,0.124705350227119,1.84356283043258,0.667408479995401,0.0332396819284286,1.4827702566691,0.746442201293364,0.316748956936756,2.81669346649162,0.922372522048666,0.282966950027733,0.749631195537248,0.305728605400463,0.799495134079421,334332.029688587,0,0.219850595241723,0.0454275490829974,0.105781808341634,0.0450446838500229,7406528.60197952,0,0.0432040691375732,143.296600103378,1,851,1,3,1701,TRUE,TRUE,3
3_863_2,0.967922905167513,0.551286278455486,0.140448448184238,2.07670695472215,0.482741692857092,0.186455119707822,2.4662258133848,0.806457481036217,0.167706245663006,1.62672115829948,0.650689594387261,0.201031837083851,0.565537684381686,0.760186656232183,0.265300758406941,2.88705013194608,0.765047509792943,0.473434491860541,6819.31859393417,0,0.163497343172973,0.561947711708685,0.498385690102552,0.00082079932284033,7406528.60197952,0,0.029015064239502,145.282107114792,2,863,0,3,1726,TRUE,TRUE,3
3_872_1,1.73094704233969,0.983336094497792,0.348047167444602,2.30189377866326,0.776346953952218,0.107297363336262,2.92521679825428,0.41299626597785,0.176520341319892,2.59289141567807,0.814854810831952,0.287799264921643,2.84591290171451,0.955154390695489,0.0655417293163502,0.582253556352588,0.314091516457828,0.747296875510688,473107.172782505,0,0.228298009786801,0.0159052347764712,0.0357437552425505,0.0637834249599976,7406528.60197952,0,0.0304648876190186,146.811819076538,1,872,1,3,1743,TRUE,TRUE,2
3_880_1,1.95340686394911,0.890004399327937,0.203561778244679,2.25890230123584,0.320785587422726,0.164517594620262,2.29154236642297,0.830704231595442,0.0754168322147575,1.41428806959277,0.549277387040789,0.287529182479589,2.65169329244389,0.96696987500775,0.249531854694316,0.747679294980316,0.362380139928469,0.748290586749051,246944.220991669,0,0.212030143903449,0.375388001447749,0.168267972173644,0.0332447498933249,7406528.60197952,0,0.0287129878997803,148.1114590168,1,880,1,3,1759,TRUE,TRUE,3
3_896_1,1.29568545007851,0.500951856154406,0.220445047044659,1.63170589503279,0.798895307820955,0.255929069750902,1.84356283043258,0.667408479995401,0.0332396819284286,1.4827702566691,0.746442201293364,0.316748956936756,2.81669346649162,0.922372522048666,0.282966950027733,0.749631195537248,0.305728605400463,0.799495134079421,334332.029688587,0,0.219850540416922,0.0460155924452721,0.105782254329305,0.0450446838500229,7406528.60197952,0,0.0726370811462402,150.803301095963,1,896,1,3,1791,TRUE,TRUE,3
3_902_1,1.73094704233969,0.983336094497792,0.348047167444602,2.30189377866326,0.643190379975519,0.194603961175969,2.59818014083054,0.609721565015361,0.167776189257408,1.91418927095824,0.61384185335945,0.321631370473814,2.84406410091612,0.943993327688502,0.0899278378430221,0.589935899474425,0.314091516457828,0.747296875510688,473107.172782505,0,0.22828660018475,0.0231707104467714,0.0358401337008811,0.0637834249599976,7406528.60197952,0,0.04811692237854,151.770771980286,1,902,1,3,1803,TRUE,TRUE,3
3_903_2,0.64276525976858,0.438803989222354,0.382057530841954,1.79769753791381,0.36207827439917,0.128924258680714,2.25700671123878,0.455332021189155,0.0968428626913085,1.30119814554225,0.472753373529615,0.194566668319386,2.802826400729,0.851893833011681,0.25405097641101,2.1470036218313,0.640940071425612,0.676982434311599,2377.56087868067,0,0.160850878622348,0.969321365079027,0.514493115188033,0.000221030905790028,7406528.60197952,0,0.0297970771789551,151.955571174622,2,903,0,3,1806,TRUE,TRUE,2
3_923_2,0.967922905167513,0.551286278455486,0.140448448184238,2.07670695472215,0.482741692857092,0.0479672166135227,1.32813123716023,0.839774250711095,0.188125203187477,2.64586421897339,0.650689594387261,0.201031837083851,0.565537684381686,0.760186656232183,0.265300758406941,2.88705013194608,0.765047509792943,0.473434491860541,6819.31859393417,0,0.16353622784272,0.493707060783843,0.498147063274034,0.00082079932284033,7406528.60197952,0,0.0303030014038086,155.277311086655,2,923,0,3,1846,TRUE,TRUE,3
3_929_1,1.0746252540735,0.472150932225455,0.254355722167058,0.919080442960891,0.359683654800973,0.393998337377628,2.27643613000837,0.578449289828349,0.22302776050371,2.53909731157046,0.925098634362037,0.300371191685289,2.69437471025909,0.671397408784226,0.0100683671566458,0.660520215954678,0.405308212377097,0.780413134587575,275340.16379507,0,0.213763161033558,0.149811221262955,0.154616172930757,0.0370790404507229,7406528.60197952,0,0.0315911769866943,156.21896314621,1,929,1,3,1857,TRUE,TRUE,2
3_932_1,1.73094704233969,0.983336094497792,0.348047167444602,2.30189377866326,0.776346953952218,0.107297363336262,2.63680802533601,0.444398244206739,0.168337038734527,2.55249909864743,0.792065110634042,0.311788745177304,2.84591290171451,0.955154390695489,0.0655417293163502,0.582253556352588,0.314091516457828,0.747296875510688,473107.172782505,0,0.228292588975569,0.0156380694680517,0.0357895461719684,0.0637834249599976,7406528.60197952,0,0.0324130058288574,156.734251022339,1,932,1,3,1863,TRUE,TRUE,1
3_938_2,0.615354662469776,0.481060848320965,0.109432159515776,2.60279487094002,0.334627292539759,0.0479672166135227,1.32813123716023,0.839774250711095,0.188125203187477,2.64586421897339,0.650689594387261,0.201031837083851,0.565537684381686,0.760186656232183,0.265300758406941,2.88705013194608,0.765047509792943,0.473434491860541,6819.31859393417,0,0.163524175811135,0.501887109882116,0.498221030059909,0.00082079932284033,7406528.60197952,0,0.0311300754547119,157.767810106277,2,938,0,3,1876,TRUE,TRUE,3
3_947_2,0.76661044901479,0.924362647705598,0.075995135329696,2.22413617887988,0.374600516933136,0.23786399747709,2.28194804829807,0.490162815154564,0.163353499078753,2.20711383594087,0.937376568742728,0.220291557553702,0.551238107705128,0.796492919595037,0.39980522375909,2.76440694317796,0.761454920812532,0.463790861309673,907.344095044093,0,0.163225695518343,0.629200539193043,0.500051150220105,2.25082376097419e-05,7406528.60197952,0,0.0291252136230469,159.309969186783,2,947,0,3,1894,TRUE,TRUE,1
3_948_2,0.879765499815994,0.325310268717382,0.264509264703946,0.693350283547503,0.484207995468669,0.0564178989080973,1.77382084613085,0.547599900874277,0.0234803961813253,1.30119814554225,0.472753373529615,0.194566668319386,2.802826400729,0.851893833011681,0.346878507959953,2.36165785784599,0.68039088973516,0.652621877473748,10846.1004872701,0,0.161618977783387,0.970248356676466,0.509845234909706,0.00136453375339674,7406528.60197952,0,0.0310609340667725,159.472556114197,2,948,0,3,1896,TRUE,TRUE,3
3_959_1,1.0746252540735,0.472150932225455,0.254355722167058,0.919080442960891,0.359683654800973,0.393998337377628,2.27643613000837,0.578449289828349,0.22302776050371,2.53909731157046,0.925098634362037,0.32779707184786,2.79110268553281,0.631329763044998,0.00586012521115388,0.843104919134625,0.406692197987926,0.780413134587575,275340.163795069,0,0.213715116170406,0.21158969910508,0.154996142853285,0.0370790404507229,7406528.60197952,0,0.0311498641967773,161.276185035706,1,959,1,3,1917,TRUE,TRUE,3
3_962_2,0.76661044901479,0.942103645175856,0.0158856048119025,2.62414947207103,0.621161347695364,0.0999756770157489,2.85760726964684,0.358082593022684,0.163353499078753,2.20711383594087,0.937376568742728,0.220291557553702,0.551238107705128,0.796492919595037,0.39980522375909,2.76440694317796,0.761454920812532,0.463790861309673,907.344095044093,0,0.16345216688923,0.430195953994384,0.498662855947459,2.25082376097419e-05,7406528.60197952,0,0.0410001277923584,161.847813129425,2,962,0,3,1924,TRUE,TRUE,1
3_966_2,1.33666720917518,0.583030179322011,0.209618350232451,2.02308486404453,0.886075285994213,0.171454820745145,2.64557689722076,0.848634682865042,0.119962985827735,0.765447834676767,0.576491206562068,0.301405525677017,2.76537433833147,0.997494139421763,0.151851559411416,0.593662379703447,0.301533290466064,0.770623731762733,306854.605988477,0,0.218007238064169,0.0435561289943999,0.120714250017809,0.0413344204872463,7406528.60197952,0,0.0339999198913574,162.534008979797,2,966,1,3,1932,TRUE,TRUE,1
3_968_2,0.615354662469776,0.481060848320965,0.14560933066214,0.731085328462617,0.385147574614476,0.37132487367285,2.18597124583713,0.618111666662307,0.188125203187477,2.64586421897339,0.650689594387261,0.201031837083851,0.565537684381686,0.760186656232183,0.265300758406941,2.88705013194608,0.765047509792943,0.473434491860541,6819.31859393417,0,0.163464314629815,0.624497540236743,0.498588334575295,0.00082079932284033,7406528.60197952,0,0.031296968460083,162.879233121872,2,968,0,3,1936,TRUE,TRUE,3
3_974_1,0.992013597482707,0.438852243888846,0.254355722167058,0.919080442960891,0.359683654800973,0.393998337377628,2.27643613000837,0.578449289828349,0.22302776050371,2.53909731157046,0.925098634362037,0.300371191685289,2.69437471025909,0.671397408784226,0.0100683671566458,0.660520215954678,0.384947837621775,0.796482477314572,273416.191884325,0,0.213591573139907,0.102869032096614,0.155972809037397,0.0368192474450411,7406528.60197952,0,0.0300800800323486,163.826524019241,1,974,1,3,1947,TRUE,TRUE,1
3_977_2,0.76661044901479,0.942103645175856,0.0158856048119025,2.62414947207103,0.621161347695364,0.0999756770157489,2.85760726964684,0.358082593022684,0.163353499078753,2.15787331539823,0.768063708102163,0.312532566367254,0.551238107705128,0.796492919595037,0.39980522375909,2.76440694317796,0.761454920812532,0.463790861309673,907.344095044093,0,0.163452409996427,0.430246604932583,0.498661364639505,2.25082376097419e-05,7406528.60197952,0,0.0316650867462158,164.34192609787,2,977,0,3,1954,TRUE,TRUE,2
3_981_1,1.40847486259204,0.646493224307955,0.372211452122867,2.86627796046986,0.780181283856224,0.25593146120686,2.58274581754046,0.797588275718515,0.327476103460388,0.787478442718306,0.355209771029857,0.023883195383269,0.632314865992071,0.604079273788867,0.0859864138316465,2.74016690370603,0.695836260313908,0.514699485168711,48322.655916975,0,0.167110012101712,0.18511854035472,0.47597324735494,0.0064249750848504,7406528.60197952,0,0.0337440967559814,165.000032186508,1,981,0,3,1961,TRUE,TRUE,1
3_993_2,0.64276525976858,0.438803989222354,0.382057530841954,1.79769753791381,0.36207827439917,0.128924258680714,2.25700671123878,0.455332021189155,0.158085102716282,1.00018792199672,0.472753373529615,0.194566668319386,2.802826400729,0.851893833011681,0.25405097641101,2.1470036218313,0.640940071425612,0.676982434311599,2377.56087868012,0,0.160850878536175,0.969321357991562,0.514493115708235,0.000221030905789954,7406528.60197952,0,0.0310759544372559,167.139739990234,2,993,0,3,1986,TRUE,TRUE,1
3_998_2,0.636256828817765,0.504789305160133,0.0049745778261436,1.74051596859074,0.460653128066604,0.37132487367285,2.18597124583713,0.618111666662307,0.188125203187477,2.64586421897339,0.650689594387261,0.201031837083851,0.565537684381686,0.760186656232183,0.265300758406941,2.88705013194608,0.765047509792943,0.473434491860541,6819.31859393417,0,0.163295851486835,0.725569501453863,0.499621292245879,0.00082079932284033,7406528.60197952,0,0.0310769081115723,167.972414016724,2,998,0,3,1996,TRUE,TRUE,2
4_1000_2,0.606621985295522,0.979815008647885,0.349382246331629,2.41219769301256,0.846983005932874,0.215847163016549,0.540138192504949,0.66397301508923,0.0108740905551604,1.70084051262057,0.352363440009233,0.175994366612267,2.58909399949831,0.722795014922659,0.00962692131740874,0.75330500028864,0.352808760815159,0.780660865710341,269138.834933436,0,0.214356589839194,0.133877110002715,0.149915910607118,0.0362416779844683,7406528.60197952,0,0.0345449447631836,165.509393930435,2,1000,1,4,2000,TRUE,TRUE,3
4_225_2,1.44727402648685,0.788227924020633,0.188342615918156,2.1993211536202,0.793626462072337,0.0494820404313659,2.45304520028382,0.618453440836445,0.353777634586529,2.63034277366671,0.947375854638497,0.110548128725721,0.844754546737295,0.49463292940386,0.0446391050003873,2.99971307323784,0.681598683736945,0.508955088050286,52891.5139527212,0,0.16741974505506,0.406325380968113,0.474028914178195,0.00704190579730613,7406528.60197952,0,0.0350708961486816,36.2589459419251,2,225,0,4,450,TRUE,TRUE,3
4_323_1,0.951403716391796,0.740383632518659,0.153739290732906,2.01913581203837,0.92374292821195,0.00618674465800927,2.83961909418864,0.649306853187176,0.314251122617424,2.23986623072307,0.880613781546085,0.219087521995437,0.893843934862442,0.802615961235031,0.126917781077739,2.92572813283892,0.588893031262996,0.492943895165631,31352.2852945549,0,0.165128159724033,0.452580113867914,0.488329004064457,0.00413347406713112,7406528.60197952,0,0.0299179553985596,52.6478629112244,1,323,0,4,645,TRUE,TRUE,3
4_354_2,2.57125584539671,0.861864740233166,0.00745869082652497,2.00000048678924,0.814470176703622,0.283983751260016,1.56769871349868,0.498082274245509,0.207949118439429,1.79944923709141,0.529677481561969,0.257306666776358,2.45964043142878,0.842301014510297,0.101724022197314,0.660814793526496,0.544825788755262,0.799335633422778,493504.000248878,0,0.22932694380198,0.0133200549424673,0.0270324058702867,0.0665375988043619,7406528.60197952,0,0.0291769504547119,57.8089230060578,2,354,1,4,708,TRUE,TRUE,1
4_414_2,2.57125584539671,0.861864740233166,0.00745869082652497,2.00000048678924,0.814470176703622,0.283983751260016,1.56769871349868,0.498082274245509,0.207949118439429,1.79944923709141,0.611915076336789,0.351679547846637,2.82024471164781,0.804129921919045,0.101724022197314,0.660814793526496,0.544825788755262,0.799335633422778,493504.000248878,0,0.229160647051241,0.0170932451253415,0.0284429918359886,0.0665375988043619,7406528.60197952,0,0.0267570018768311,67.3774859905243,2,414,1,4,828,TRUE,TRUE,3
4_468_2,1.06194676370582,0.839204893050954,0.0789956672487079,2.49894163706494,0.35178165816091,0.0591185195396761,2.23087009690352,0.328253607021127,0.201294886438808,2.18258066533971,0.667067867410548,0.314007924123692,2.72121727115109,0.821317977841418,0.07646222594837,0.694912618619287,0.44730704430405,0.797110109017492,469536.023304312,0,0.227920819091127,0.017059442626436,0.0389273837563396,0.0633012143562471,7406528.60197952,0,0.0380010604858398,76.2605559825897,2,468,1,4,936,TRUE,TRUE,2
4_504_2,2.57125584539671,0.861864740233166,0.00745869082652497,2.00000048678924,0.814470176703622,0.283983751260016,1.56769871349868,0.498082274245509,0.305764329609154,1.79944923709141,0.611915076336789,0.351679547846637,2.82024471164781,0.804129921919045,0.101724022197314,0.660814793526496,0.544825788755262,0.799335633422778,493504.000248878,0,0.22917220409916,0.0168945500312693,0.0283449940848184,0.0665375988043619,7406528.60197952,0,0.0310871601104736,82.2714030742645,2,504,1,4,1008,TRUE,TRUE,3
4_528_2,1.64610196511828,0.925794753755381,0.0789956672487079,2.49894163706494,0.35178165816091,0.0591185195396761,2.23087009690352,0.328253607021127,0.201294886438808,2.18258066533971,0.667067867410548,0.314007924123692,2.72121727115109,0.821317977841418,0.07646222594837,0.694912618619287,0.44730704430405,0.797110109017492,436179.929556805,0,0.226166585717018,0.0190978372857293,0.0536645856829692,0.0587971569923749,7406528.60197952,0,0.0333218574523926,86.3197529315949,2,528,1,4,1056,TRUE,TRUE,1
4_564_2,2.05236992203257,0.861864740233166,0.00745869082652497,2.00000048678924,0.814470176703622,0.283983751260016,1.56769871349868,0.498082274245509,0.305764329609154,1.79944923709141,0.611915076336789,0.351679547846637,2.82024471164781,0.804129921919045,0.101724022197314,0.660814793526496,0.544825788755262,0.799335633422778,493504.000248878,0,0.22917220409916,0.0168945500312693,0.0283449940848184,0.0665375988043619,7406528.60197952,0,0.0284988880157471,92.4584639072418,2,564,1,4,1128,TRUE,TRUE,3
4_565_2,2.26158392116592,0.766280384380365,0.312844031391864,1.20669231903207,0.591348136373147,0.333090606555752,1.24103751126578,0.680593164217207,0.230828816192118,1.41702849159696,0.455890718848996,0.334871579228562,2.48433600763658,0.855682588112808,0.0353137402850858,0.592548559685685,0.310406147906008,0.766153961174514,263602.944513046,0,0.213437081044957,0.212182232112996,0.157193347554604,0.0354941693522438,7406528.60197952,0,0.0295500755310059,92.6075100898743,2,565,1,4,1130,TRUE,TRUE,3
4_573_2,1.33781689403402,0.926454188052752,0.0823737807446179,2.15702344136434,0.375645392780822,0.11631637719802,2.05691325550493,0.498551598433804,0.298300563615768,2.72517901404377,0.95588740567545,0.098649480034183,2.46900782196943,0.615432673179711,0.0801307770150043,0.694912618619287,0.44730704430405,0.797110109017492,263566.397037242,0,0.214116483855582,0.125319487530524,0.151819243387034,0.0354892343640894,7406528.60197952,0,0.0291261672973633,93.9959380626678,2,573,1,4,1146,TRUE,TRUE,2
4_588_2,1.33781689403402,0.926454188052752,0.0823737807446179,2.15702344136434,0.375645392780822,0.11631637719802,2.05691325550493,0.498551598433804,0.302467345644292,2.91780473855768,0.931457862799148,0.0579967440404268,2.18500111883922,0.611399669913501,0.0885635539130657,0.525565709311277,0.494509908080207,0.797110109017492,263566.397037242,0,0.214549069464334,0.0877758049277396,0.148388574038675,0.0354892343640894,7406528.60197952,0,0.0306880474090576,96.7840969562531,2,588,1,4,1176,TRUE,TRUE,2
4_636_2,1.95476732870276,0.848157130174986,0.134259358172846,2.16924516475395,0.805323934400349,0.20142117166309,1.83421285726037,0.819636532463635,0.106451370427207,2.9778407308471,0.436303825532749,0.13987752955803,0.920184074088899,0.635127310918039,8.17078618911005e-05,2.23990023393208,0.674086767691026,0.512068240695743,32038.2496338591,0,0.165349742037742,0.391400733222244,0.486954879715201,0.00422609950334629,7406528.60197952,0,0.0313858985900879,104.4156498909,2,636,0,4,1272,TRUE,TRUE,2
4_676_2,0.71688928356039,0.875291747791275,0.170140207978156,2.86873712401902,0.98452211004069,0.181377726479081,1.58146795368312,0.694306058418727,0.23294938454328,2.17036595174447,0.304334505386553,0.355243009724511,2.61167732520361,0.690619536996911,0.0529857631563206,0.62549009419989,0.417522243241134,0.793121586110449,303435.304774937,0,0.217404793987116,0.0652120779786601,0.125567195071499,0.0408727138819488,7406528.60197952,0,0.0282938480377197,110.875490903854,2,676,1,4,1352,TRUE,TRUE,3
4_717_1,1.05175086799131,0.88109021578113,0.0364742127878031,2.03456029414531,0.393172567108268,0.00179651930022343,2.76486566090424,0.395222159057262,0.368997305729834,2.51206010114831,0.997365153692794,0.386249634282292,2.87390736792104,0.666680757125735,0.0146583198514633,0.684312017339392,0.407978470606022,0.791646514769665,326279.718870479,0,0.218937293092007,0.037247914545213,0.113195889239396,0.0439573841766552,7406528.60197952,0,0.0316860675811768,117.618453025818,1,717,1,4,1433,TRUE,TRUE,1
4_729_1,2.08052275147057,0.774750918207688,0.000386384156708974,1.83438935905106,0.880789942908132,0.229557395095142,2.05722936379707,0.461459583700875,0.230891575038259,1.06881214836956,0.555273852326907,0.293454035800113,2.77390622184861,0.861157242182396,0.0431073145377722,0.522740530647157,0.384560378076651,0.768637486678191,315565.239472974,0,0.218463811383788,0.053967112828225,0.117027410945762,0.0425106131549735,7406528.60197952,0,0.0289461612701416,119.600640058517,1,729,1,4,1457,TRUE,TRUE,2
4_762_1,0.550275905883414,0.98229862710544,0.0647774027166481,1.46925826257574,0.44595185819897,0.0185634029127385,2.76486566090424,0.395222159057262,0.368997305729834,2.51206010114831,0.997365153692794,0.386249634282292,2.87390736792104,0.666680757125735,0.0146583198514633,0.684312017339392,0.407978470606022,0.79464327327467,299476.314490332,0,0.216697077589566,0.0477717555836607,0.131250999493616,0.0403381333198527,7406528.60197952,0,0.0318241119384766,125.240638017654,1,762,1,4,1523,TRUE,TRUE,1
4_777_1,0.550275905883414,0.98229862710544,0.0647774027166481,1.46925826257574,0.5241989566352,0.161328782463533,2.70459723237189,0.340640774722243,0.285421751193557,2.81856524374695,0.958512613448199,0.356112335303936,2.79468541552367,0.680431201863633,0.0055511171476921,0.711590277413625,0.407978470606022,0.79464327327467,299476.314490332,0,0.216686182804774,0.0622900781066817,0.131338352729519,0.0403381333198527,7406528.60197952,0,0.032224178314209,127.863212108612,1,777,1,4,1553,TRUE,TRUE,2
4_786_2,1.45512111291711,0.825463108162391,0.0826003108177381,2.21475844647047,0.774308773642799,0.363760336403211,1.13821447737782,0.759357214185837,0.245988274954427,1.50137628930571,0.436629226968257,0.308063817553257,2.43534502945302,0.865631075783736,0.0407738700473867,0.609948406851409,0.354511709371292,0.785292283053189,390088.810363881,0,0.223777433298791,0.0335771207373451,0.0735525599442571,0.0525734952416486,7406528.60197952,0,0.0314860343933105,129.448647022247,2,786,1,4,1572,TRUE,TRUE,3
4_792_1,0.550275905883414,0.98229862710544,0.303477935774672,1.00714241785782,0.300269369696863,0.0756069649749547,2.70459723237189,0.340640774722243,0.285421751193557,2.81856524374695,0.958512613448199,0.356112335303936,2.79468541552367,0.680431201863633,0.00555111714769208,0.711590277413625,0.407978470606022,0.79464327327467,299476.314490332,0,0.216420293180263,0.0725061998507583,0.133468866165448,0.0403381333198527,7406528.60197952,0,0.0339920520782471,130.458451032639,1,792,1,4,1583,TRUE,TRUE,2
4_816_2,1.45512111291711,0.825463108162391,0.0826003108177381,2.21475844647047,0.960509422914775,0.144540717080661,0.940774690201275,0.775464262038314,0.0965404003059808,1.81917749253863,0.592558219026338,0.251357104955285,2.43534502945302,0.865631075783736,0.0407738700473867,0.609948406851409,0.354511709371292,0.785292283053189,390088.810363881,0,0.22369920608631,0.0296656142188088,0.0742001742474379,0.0525734952416486,7406528.60197952,0,0.0303061008453369,134.58313202858,2,816,1,4,1632,TRUE,TRUE,2
4_826_2,2.09035036137742,0.755690241660965,0.208938300125182,2.8636509808263,0.697961134928461,0.0814462253402398,2.97445187842381,0.427425149730602,0.256647043709412,1.74551940816566,0.555284870722002,0.355985945376146,2.83533257498501,0.77540630558245,0.0895230016082267,0.708722899256468,0.533127129119388,0.797460121734567,454321.231035803,0,0.227202598281909,0.0186618122778719,0.0449748767629233,0.0612467682428774,7406528.60197952,0,0.0307161808013916,136.273641109467,2,826,1,4,1652,TRUE,TRUE,1
4_831_2,1.45512111291711,0.847503150932132,0.0938028822631528,1.09000249881317,0.837455385098149,0.275137757638469,1.80542613132404,0.884066949734938,0.18618823562832,2.33426853526075,0.51164586364121,0.343217151812675,2.88698600776342,0.865631075783736,0.0407738700473867,0.609948406851409,0.354511709371292,0.785292283053189,390088.810363881,0,0.223263635493136,0.0302663162159867,0.0778019625222889,0.0525734952416486,7406528.60197952,0,0.0273129940032959,137.431802034378,2,831,1,4,1662,TRUE,TRUE,2
4_835_1,1.77656263299333,0.851675155095278,0.302931428642473,1.39957003702863,0.500874599396181,0.0334607714242437,2.49659405561497,0.391547776818808,0.307512686067795,2.61795737837567,0.954020851392966,0.330479445465179,2.7960284648028,0.635631695673103,0.052444279880917,0.896129671877536,0.352049738258423,0.791963320042618,252551.082005947,0,0.212433762287711,0.181483660845496,0.165098405330278,0.0340018416508527,7406528.60197952,0,0.0289220809936523,138.012793064117,1,835,1,4,1669,TRUE,TRUE,2
4_856_2,2.09035036137742,0.755690241660965,0.0440205594137139,2.40376217372858,0.805485358381411,0.0393798285622105,2.06021277908648,0.39833505747147,0.256647043709412,1.74551940816566,0.555284870722002,0.355985945376146,2.83533257498501,0.77540630558245,0.0895230016082267,0.708722899256468,0.533127129119388,0.797460121734567,454321.231035803,0,0.227193174883994,0.0239235834749316,0.0450540958844595,0.0612467682428774,7406528.60197952,0,0.0458619594573975,141.455188035965,2,856,1,4,1712,TRUE,TRUE,2
4_871_2,2.09035036137742,0.713711048604995,0.162937234837909,2.22751423157992,0.930843922929979,0.0773336509802486,2.70977574722994,0.427425149730602,0.256647043709412,1.74551940816566,0.555284870722002,0.355985945376146,2.83533257498501,0.77540630558245,0.0895230016082267,0.708722899256468,0.533127129119388,0.797460121734567,454321.231035803,0,0.227208350340268,0.0184615431287533,0.0449265196594214,0.0612467682428774,7406528.60197952,0,0.0283980369567871,143.878122091293,2,871,1,4,1742,TRUE,TRUE,1
4_897_1,0.550275905883414,0.98229862710544,0.303477935774672,1.00714241785782,0.300269369696863,0.0756069649749547,2.70459723237189,0.476202181036195,0.148892373156758,2.95846063618723,0.864037302098613,0.286212198943315,2.73824926730469,0.658993489049189,0.00555111714769208,0.711590277413625,0.407978470606022,0.79464327327467,299476.314490332,0,0.216471804407747,0.0717305676551448,0.133056322649089,0.0403381333198527,7406528.60197952,0,0.0291430950164795,148.026390075684,1,897,1,4,1793,TRUE,TRUE,3
4_912_1,0.550275905883414,0.98229862710544,0.303477935774672,1.00714241785782,0.300269369696863,0.0756069649749547,2.70459723237189,0.476202181036195,0.148892373156758,2.95846063618723,0.864037302098613,0.286212198943315,2.73824926730469,0.719570559855284,0.00555111714769208,0.711590277413625,0.407978470606022,0.79464327327467,299476.314490332,0,0.216450154788602,0.0634253818555049,0.133229722246605,0.0403381333198527,7406528.60197952,0,0.031074047088623,150.61856508255,1,912,1,4,1823,TRUE,TRUE,2
4_927_1,0.550275905883414,0.98229862710544,0.303477935774672,1.00714241785782,0.300269369696863,0.0756069649749547,2.70459723237189,0.476202181036195,0.148892373156758,2.67404147794269,0.490361431175995,0.294268061521784,2.73824926730469,0.719570559855284,0.00555111714769208,0.711590277413625,0.407978470606022,0.79464327327467,299476.314490332,0,0.21635897855822,0.077779849283855,0.133959795198312,0.0403381333198527,7406528.60197952,0,0.0289220809936523,153.142421007156,1,927,1,4,1853,TRUE,TRUE,2
4_970_2,0.606621985295522,0.979815008647885,0.349382246331629,1.34442930750238,0.558440973794701,0.271784945802291,1.07357445772252,0.485882235437435,0.339018528715985,2.54541033618272,0.712773469069797,0.175994366612267,2.58909399949831,0.722795014922659,0.00962692131740874,0.75330500028864,0.352808760815159,0.780660865710341,269138.834933436,0,0.213955327551815,0.195004734952166,0.153095541530644,0.0362416779844683,7406528.60197952,0,0.0294408798217773,160.459333896637,2,970,1,4,1940,TRUE,TRUE,3
4_972_1,0.550275905883414,0.98229862710544,0.303477935774672,1.00714241785782,0.300269369696863,0.0756069649749547,2.70459723237189,0.393223133633892,0.148892373156758,2.67404147794269,0.490361431175995,0.294268061521784,2.73824926730469,0.719570559855284,0.00555111714769208,0.711590277413625,0.407978470606022,0.79464327327467,299476.314490332,0,0.21633929020718,0.0861031296530493,0.134117404814302,0.0403381333198527,7406528.60197952,0,0.0338032245635986,160.766796112061,1,972,1,4,1943,TRUE,TRUE,2
4_976_2,2.09035036137742,0.713711048604995,0.162937234837909,2.22751423157992,0.86468596162524,0.0451978656977981,2.31715562224126,0.344146632131051,0.288895494282064,2.60751743690111,0.978094938931507,0.355985945376146,2.83533257498501,0.77540630558245,0.0895230016082267,0.708722899256468,0.533127129119388,0.797460121734567,454321.231035803,0,0.227236971164415,0.0163690091145498,0.0446858884348682,0.0612467682428774,7406528.60197952,0,0.0292179584503174,161.466723918915,2,976,1,4,1952,TRUE,TRUE,1
4_985_2,0.689485060941436,0.907826811393845,0.375345847070286,0.587755559854297,0.539145399266816,0.105452885721578,2.52194342414099,0.516059107666648,0.201811357697188,2.65666720277035,0.515584568723922,0.250208122611108,2.67697492559765,0.608395762941282,0.0232966994002124,0.869858640085482,0.347917384040923,0.780660865710341,269138.834933436,0,0.21317751130101,0.231148545184105,0.15924204574703,0.0362416779844683,7406528.60197952,0,0.0290610790252686,162.960267066956,2,985,1,4,1970,TRUE,TRUE,3
4_991_2,2.72038315189791,0.669035497362845,0.162937234837909,2.22751423157992,0.930843922929979,0.0773336509802486,2.70977574722994,0.427425149730602,0.256647043709412,1.74551940816566,0.555284870722002,0.355985945376146,2.83533257498501,0.77540630558245,0.149186729502076,0.695380772220998,0.564589988077811,0.799433590328824,425593.297073332,0,0.225691398164101,0.0241641751720715,0.0576370062848991,0.0573676490782667,7406528.60197952,0,0.0279359817504883,163.966227054596,2,991,1,4,1982,TRUE,TRUE,2
5_258_2,2.8649860082509,0.356865122648687,0.356806801423693,2.34913234569613,0.306283528221942,0.020224051894064,2.4156706758197,0.978174506415866,0.154638464210661,1.51855498315392,0.64700068318394,0.195371977697668,2.59737419008643,0.985961565305728,0.0119062631975167,2.59818792082043,0.474735328731386,0.64343668314768,6543.14715608845,0,0.160567811345231,0.972396557742886,0.516200413110604,0.000783508025851661,7406528.60197952,0,0.0496518611907959,41.8674008846283,2,258,0,5,516,TRUE,TRUE,1
5_393_1,0.992462517844407,0.925061156887577,0.0739187012908325,0.638684767690248,0.903235483169037,0.160554775404271,2.35529674719998,0.576243142157353,0.310477824212779,1.96481966374207,0.863280018244421,0.287734471470154,1.08044066791593,0.563007564597951,0.176334458511424,2.37733737752441,0.639890837279812,0.578397164075484,3819.92124082031,0,0.163456398804678,0.735992177661011,0.49863689552234,0.000415792134716542,7406528.60197952,0,0.0302970409393311,64.0163049697876,1,393,0,5,785,TRUE,TRUE,3
5_483_1,2.46071791872468,0.327512097878866,0.233075465573831,1.89174103828328,0.75195906954957,0.0664689617262624,2.90538839712656,0.75753684647114,0.109953859685586,1.12746003742866,0.620094363377151,0.186638930703513,2.4873553536693,0.841308648221286,0.0410654205967608,1.30571786308695,0.337600838267286,0.787155771895392,3819.92124082031,0,0.160796664779193,0.976003967121077,0.514820334518474,0.000415792134716542,7406528.60197952,0,0.0334091186523438,78.8480010032654,1,483,0,5,965,TRUE,TRUE,2
5_705_1,1.58008790838826,0.546964484795726,0.333994363529267,1.26683013503263,0.567617138436454,0.0286400872245891,2.14037944125923,0.69262382562382,0.184529415328092,2.95816238895256,0.830014683646017,0.275864929872443,2.40783363339892,0.875071601313645,0.0563717563814068,1.19717523457707,0.410307057185769,0.785380362487003,253846.052653432,0,0.212681076924498,0.266354314630976,0.163153294760027,0.0341767009171972,7406528.60197952,0,0.0291829109191895,115.781291007996,1,705,1,5,1409,TRUE,TRUE,3
5_818_1,2.78359106175863,0.416259890001124,0.348051291722037,0.932931138111497,0.353591544668356,0.156670736598216,1.8408561544643,0.676008398347599,0.361194716433577,0.933405302746854,0.422235936054963,0.320626117587827,2.56210996154071,0.95270562098519,0.0269803672844312,0.619019216294096,0.355850754020247,0.784694848421307,335696.206197179,0,0.21975652831412,0.0461878596189041,0.106546858465555,0.0452288879506485,7406528.60197952,0,0.0299270153045654,134.633672952652,1,818,1,5,1635,TRUE,TRUE,3
5_834_2,1.42409265054146,0.691432003809945,0.157332981719553,2.93310380042333,0.675268511278882,0.142462807363876,2.47950106119808,0.357923873748775,0.341186541229585,1.9220613574387,0.965651285854545,0.37366662819601,2.75409680377841,0.847784193047553,0.0335242777447666,0.551406931136991,0.362601644632242,0.751937961983442,500626.330271789,0,0.229606509690929,0.0153726111312691,0.0246587262252884,0.0674993236163393,7406528.60197952,0,0.0314798355102539,137.371681928635,2,834,1,5,1668,TRUE,TRUE,2
5_841_2,1.4201698020664,0.535458424657201,0.0795262871145412,2.34715113800141,0.474567808170209,0.193603109822805,2.35389921504013,0.491949771456083,0.284714247008473,2.32166080442104,0.864265388929005,0.336925282179137,2.63746111652429,0.851587801183083,0.0303278977505222,0.590742270193116,0.376456410808774,0.75106087820675,582188.685795612,0,0.232975702981568,0.0144495624751638,-0.00417515236645682,0.0785126494209922,7406528.60197952,0,0.0309140682220459,138.564646005631,2,841,1,5,1682,TRUE,TRUE,3
5_863_1,2.78359106175863,0.416259890001124,0.348051291722037,0.932931138111497,0.401632127049948,0.181939414528186,2.24157829004556,0.512143247840863,0.301599965547726,2.05030027009043,0.719054558669549,0.294419218174635,2.56210996154071,0.95270562098519,0.0269803672844312,0.619019216294096,0.355850754020247,0.784694848421307,335696.206197179,0,0.219347967243393,0.047832806061689,0.109865902968363,0.0452288879506485,7406528.60197952,0,0.0350029468536377,142.459882974625,1,863,1,5,1725,TRUE,TRUE,3
5_864_2,1.42409265054146,0.691432003809945,0.145390514923299,2.6831278622144,0.746774662400142,0.257119772984307,2.91293106972903,0.357923873748775,0.341186541229585,1.9220613574387,0.965651285854545,0.37366662819601,2.75409680377841,0.847784193047553,0.0335242777447666,0.551406931136991,0.362601644632242,0.751937961983442,500626.330271789,0,0.229634204989334,0.0130682962257031,0.0244234193362477,0.0674993236163393,7406528.60197952,0,0.0307350158691406,142.662286043167,2,864,1,5,1728,TRUE,TRUE,1
5_894_2,1.42409265054146,0.437917318066929,0.150698821791559,2.68673097312793,0.799894326956205,0.28076591268581,2.58700947923272,0.341764748406281,0.354283687772379,2.27795047095047,0.931633540089837,0.31108717276157,2.72167538117123,0.847784193047553,0.0335242777447665,0.551406931136991,0.362601644632242,0.751937961983442,500626.330271789,0,0.22967786905739,0.0141732715560139,0.0240523797334727,0.0674993236163393,7406528.60197952,0,0.029716968536377,147.478987932205,2,894,1,5,1788,TRUE,TRUE,2
5_914_2,0.515849264241992,0.99288112636011,0.109071819978117,1.201208422996,0.387307247025009,0.0636197250620002,2.15400559771636,0.962283049829392,0.0435878300903065,2.22585268142237,0.936186007398251,0.344700343563046,2.91120797014597,0.754311488291939,0.0195289076591714,0.700038537801557,0.305024885105889,0.788127624009789,339677.784054548,0,0.219860297136018,0.0423985879891714,0.105702883817564,0.0457665185018773,7406528.60197952,0,0.0300180912017822,150.679590940475,2,914,1,5,1828,TRUE,TRUE,3
5_915_1,2.75833715247835,0.377526891239906,0.367639376403912,1.48905301573319,0.561394197999241,0.136815548300263,2.40924264745496,0.757511569397354,0.320106665520523,1.45134356313135,0.601786236336678,0.222232704094297,2.59841695626446,0.948968180888356,0.0373607551313316,0.651216627085707,0.417656215171885,0.788803995127319,316225.061359199,0,0.218387539070628,0.0390492684434905,0.117643848103695,0.0425997085882695,7406528.60197952,0,0.0319681167602539,150.820631980896,1,915,1,5,1829,TRUE,TRUE,1
5_924_2,2.54889006426135,0.39515746907131,0.356825862354227,2.80879825637816,0.69873408001855,0.231851095054337,2.74470211377813,0.465624829310741,0.371039885047892,2.18797973608124,0.965651285854545,0.37366662819601,2.75409680377841,0.847784193047553,0.0335242777447665,0.551406931136991,0.362601644632242,0.75127558340132,494670.867530433,0,0.229354903546076,0.0158218236790951,0.0267951412658068,0.0666951603345559,7406528.60197952,0,0.029000997543335,152.29302406311,2,924,1,5,1848,TRUE,TRUE,2
5_930_1,2.75833715247835,0.377526891239906,0.367639376403912,1.48905301573319,0.561394197999241,0.136815548300263,2.40924264745496,0.757511569397354,0.288437404975036,1.55393469325273,0.404508854588682,0.158834776077198,2.4448274824743,0.967094676761534,0.0373607551313316,0.651216627085707,0.417656215171885,0.788803995127319,316225.061359199,0,0.218507077333231,0.0421851909922466,0.11667763740568,0.0425997085882694,7406528.60197952,0,0.0310559272766113,153.280767917633,1,930,1,5,1859,TRUE,TRUE,2
5_942_2,1.28625452097392,0.688836600848323,0.0270415231493391,0.502375699974505,0.38678881047053,0.386535531892153,2.50813455194899,0.781075973257886,0.210293543250014,2.22290927882166,0.634105087366542,0.220647287775045,2.43081680614721,0.800768567154837,0.0556813590992996,1.27819638955204,0.34699734491665,0.766541528708022,256771.497936411,0,0.211144407850557,0.383242334192016,0.175202423026809,0.0345717223927076,7406528.60197952,0,0.0298759937286377,155.281280994415,2,942,1,5,1884,TRUE,TRUE,2
5_944_1,2.88113955769159,0.499388835062779,0.013838016772909,1.71313820453133,0.581520416197281,0.349538193444295,2.78512707238671,0.485906691456486,0.10991170150422,1.28832668868258,0.754082842353046,0.247308832661344,2.87755677362544,0.77547488182322,0.0310430416681702,0.7280841940302,0.432262423402341,0.791347395129609,380513.776217832,0,0.222920857653364,0.0330466722489491,0.0806314997954106,0.0512805829665695,7406528.60197952,0,0.0282819271087647,155.57359290123,1,944,1,5,1887,TRUE,TRUE,2
5_945_2,2.27743222558468,0.54958343063351,0.252905385378119,1.60935369202544,0.333648134587989,0.0463880220253849,1.95711229697715,0.756895003508299,0.0662674509051462,1.16474558580156,0.748190055360858,0.263346720033496,2.98111941089638,0.808243272397226,0.0286196260783017,0.791022253349934,0.308387689510301,0.787716345788134,322509.939408327,0,0.218820265864339,0.0496270200602962,0.114143671945513,0.0434483526612983,7406528.60197952,0,0.0330028533935547,155.755009889603,2,945,1,5,1890,TRUE,TRUE,3
5_957_2,1.28625452097392,0.688836600848323,0.0270415231493391,0.502375699974505,0.38678881047053,0.386535531892153,2.50813455194899,0.685178952497948,0.244387692021338,0.908962512231156,0.634105087366542,0.220647287775045,2.43081680614721,0.800768567154837,0.0556813590992995,1.27819638955204,0.34699734491665,0.766541528708022,256771.49793641,0,0.211518430195318,0.40226040845151,0.172277733145841,0.0345717223927076,7406528.60197952,0,0.0343618392944336,157.780413866043,2,957,1,5,1914,TRUE,TRUE,3
5_975_2,2.27743222558468,0.54958343063351,0.252905385378119,1.60935369202544,0.428389417758094,0.15988287161362,2.03233633891777,0.926368295896036,0.0662674509051461,1.16474558580156,0.748190055360858,0.263346720033496,2.98111941089638,0.808243272397226,0.0286196260783017,0.791022253349934,0.308387689510301,0.787716345788134,322509.939408327,0,0.218820308698249,0.0479046300343394,0.114143325133998,0.0434483526612983,7406528.60197952,0,0.0307519435882568,160.713711977005,2,975,1,5,1950,TRUE,TRUE,3
5_986_2,0.772359138618359,0.615394184835237,0.17793355055792,0.969253299442923,0.764583301568653,0.0743308255455155,2.67283672028571,0.485917804062519,0.3854454773182,2.58938775366601,0.670496601887126,0.300488959077484,2.54600756174892,0.920711518542136,0.0193358686485842,0.556408491773672,0.382107557223585,0.764794866870034,352960.64069246,0,0.220899554938198,0.041390487479639,0.0972283946006264,0.0475600962722876,7406528.60197952,0,0.0352110862731934,162.546581029892,2,986,1,5,1972,TRUE,TRUE,3
5_990_2,2.56391424292902,0.314448644060329,0.172266334096444,1.33384499995313,0.499744010758559,0.0514480730699387,2.018109037414,0.974672158572237,0.36250520618951,1.5244374672244,0.50922971532842,0.2103946044285,2.45164559330206,0.940382161557761,0.0286196260783017,0.617683698782959,0.384117543455204,0.786551745257651,266051.065082118,0,0.21396774818783,0.0776041744614,0.152997208878983,0.0358247379002352,7406528.60197952,0,0.0290000438690186,163.225255966187,2,990,1,5,1980,TRUE,TRUE,1
5_992_1,0.724339035915753,0.555430885183955,0.339484910533519,1.47103967506694,0.444207382200387,0.0563540441420744,2.39530032527616,0.69123422827684,0.180366932340748,2.45018592892177,0.828881515114898,0.272980294432177,2.63875708786844,0.743334223539254,0.0639126458931003,1.24185257900824,0.369669622046126,0.781154004783282,252450.811205952,0,0.212443814973526,0.286257677513967,0.165019385856992,0.0339883021327509,7406528.60197952,0,0.0319249629974365,163.506145954132,1,992,1,5,1983,TRUE,TRUE,3
5_998_2,1.48641030221245,0.606657477237804,0.319851362786796,1.14714201334961,0.541095194937735,0.329989013514261,2.85373748944247,0.607826595680424,0.132550547434734,2.78239009708508,0.815919167174535,0.318461566574865,2.77794578141049,0.756006399642887,0.0340558793291104,0.886888038296858,0.313681198607098,0.786378516406391,256615.234249072,0,0.212407817097266,0.151571529973638,0.16530233108897,0.0345506221818439,7406528.60197952,0,0.0286998748779297,164.536156892777,2,998,1,5,1996,TRUE,TRUE,1
5_999_2,2.54889006426135,0.39515746907131,0.356825862354227,2.80879825637816,0.776270012745173,0.33781250861895,2.9870194454203,0.461371204447029,0.340112603125563,1.83693961949422,0.83652636463227,0.37366662819601,2.75409680377841,0.847784193047553,0.0335242777447665,0.551406931136991,0.362601644632242,0.75127558340132,494670.867530432,0,0.229342099472367,0.0159939963211355,0.0269037994085004,0.0666951603345558,7406528.60197952,0,0.0360000133514404,164.702142953873,2,999,1,5,1998,TRUE,TRUE,3
