solID,dieci_costo_alphas,dieci_costo_gammas,dieci_costo_thetas,Google.Search_alphas,Google.Search_gammas,Google.Search_thetas,programmatic_behavioural_investments_alphas,programmatic_behavioural_investments_gammas,programmatic_behavioural_investments_thetas,programmatic_sociodemo_investments_alphas,programmatic_sociodemo_investments_gammas,programmatic_sociodemo_investments_thetas,reservation_social_display_investments_alphas,reservation_social_display_investments_gammas,reservation_social_display_investments_thetas,reservation_social_video_investments_alphas,reservation_social_video_investments_gammas,reservation_social_video_investments_thetas,venti_costo_alphas,venti_costo_gammas,venti_costo_thetas,lambda,mape,nrmse,decomp.rssd,rsq_train,lambda_hp,lambda_max,pos,Elapsed,ElapsedAccum,iterPar,iterNG,df.int,trial,iterations,coef0,mape.qt10,robynPareto
1_636_2,0.660341702850834,0.89007311774929,0.166956213666394,2.62885614128914,0.960884316604583,0.0182922259515463,2.53844925149672,0.850598008428046,0.358097610385343,1.8418393690786,0.478158951402046,0.349662571818822,1.97328432767638,0.92743140773499,0.0897248051258123,2.10986898549742,0.743292542172082,0.322090390478312,2.63841527833086,0.324137149826894,0.294320826107465,334786.579710822,0,0.114222302408617,0.22140942519542,0.573155018715824,0.0463318799003446,7210993.61728321,0,0.0449330806732178,175.858258008957,2,636,0,1,1272,TRUE,TRUE,3
1_651_2,0.660341702850834,0.89007311774929,0.166956213666394,2.62885614128914,0.960884316604583,0.0522117310262401,2.57270436024569,0.873781605090036,0.397574005577869,2.59622718512688,0.339796170032586,0.384890681938106,1.23629525419317,0.92743140773499,0.0897248051258123,2.10986898549742,0.743292542172082,0.322090390478312,2.63841527833086,0.324137149826894,0.294320826107465,334786.579710822,0,0.114344771348132,0.216888338871483,0.572239203226096,0.0463318799003446,7210993.61728321,0,0.0579578876495361,179.844435930252,2,651,0,1,1302,TRUE,TRUE,1
1_682_2,0.800074701626272,0.894678749540505,0.185661678162729,1.30358120184104,0.943855163988687,0.00957141793401043,2.19872902827309,0.566374200643455,0.34838064050005,2.70635504276335,0.34419753353976,0.296223033718738,1.8708561826733,0.78379534639531,0.152695678421086,0.966608938173425,0.57353160239615,0.214180800039666,0.844516066665541,0.400307043113826,0.393889687649733,13514.4683818447,0,0.105155133817124,0.221504185191732,0.6382326904549,0.00177432530994048,7210993.61728321,0,0.0362701416015625,188.52651309967,2,682,0,1,1364,TRUE,TRUE,1
1_749_1,0.698336497300819,0.872900347663234,0.231158166855012,2.85613278415833,0.901638918424549,0.0294566200044626,2.98126759818441,0.902401568484398,0.36690019852758,2.57667271159424,0.328533920549492,0.321812580551368,2.88230679661342,0.942927233269591,0.0935049987656344,1.71521112406981,0.818708255327808,0.202231138351816,1.88996062697744,0.315047138380962,0.320615135096178,116191.55511646,0,0.106230570285268,0.223640820004903,0.630795160437929,0.016014714487937,7210993.61728321,0,0.037938117980957,205.880033016205,1,749,0,1,1497,TRUE,TRUE,3
1_858_1,1.05974127127214,0.945142691498393,0.182095672049355,2.97290720112282,0.986142787067985,0.0119954941612825,2.70863107496951,0.743087009778356,0.302693728247909,1.06093779107531,0.606830625910907,0.263677431381375,2.38860852034078,0.812941353681777,0.108638979748313,0.6950182683728,0.52406381014428,0.159303711017269,2.76115631976713,0.403104571095799,0.327214930343983,274407.43672465,0,0.1124692439981,0.221434962572724,0.586156716622833,0.0379578353914725,7210993.61728321,0,0.0386199951171875,233.363433122635,1,858,0,1,1715,TRUE,TRUE,2
1_899_1,0.53569341332143,0.893254242467905,0.207498416803079,2.48903918968023,0.917562643805766,0.0270617377052744,1.87377044307959,0.877152863451587,0.16783594571493,2.01858774816111,0.406934477315365,0.371512179104561,1.84616874995685,0.811275428811235,0.027847382464319,1.36098166881493,0.674104901130985,0.186352986610143,2.01830709989649,0.399064348875781,0.314768582187569,338710.640694437,0,0.138460563827768,0.198485162696199,0.37875259014092,0.0468761118934991,7210993.61728321,0,0.0400819778442383,244.097289085388,1,899,1,1,1797,TRUE,TRUE,3
2_470_2,0.547713572760699,0.943851025443432,0.306949179944872,2.68104457559381,0.740560581002135,0.0240260286555889,2.54094144127406,0.77670239882931,0.0593408298656992,0.806648922826452,0.571658262488986,0.2997509794684,1.62941912735203,0.571320727372011,0.180349982259022,0.50241793379032,0.322706645383833,0.0464706550454514,2.16570607234108,0.395789453175655,0.0500742576283208,494349.778468554,0,0.147053679732218,0.167968580293312,0.299248248053699,0.0684618615842726,7210993.61728321,0,0.105230093002319,246.388101100922,2,470,1,2,940,TRUE,TRUE,3
2_498_1,0.75316935190546,0.885195855431853,0.326424636891726,2.77575256162166,0.880011217591868,0.0251564792803027,2.39261434210386,0.626792505226345,0.147105810320606,2.15468722525307,0.309445643406067,0.174028626512514,0.771778263705537,0.30009110782542,0.206155621868734,0.633893030588085,0.527793187910468,0.0260639003492828,2.23160365474135,0.538187078752056,0.0910701042063429,561771.11821936,0,0.150808583729905,0.151088260416501,0.263005032440781,0.0778125954966493,7210993.61728321,0,0.106815814971924,261.074393987656,1,498,1,2,995,TRUE,TRUE,1
2_513_1,0.75316935190546,0.885195855431853,0.326424636891726,2.77575256162166,0.936852683040982,0.0424181164994591,2.48572528815049,0.609084170407486,0.231697892035139,1.68597987221863,0.339616504404267,0.253143728313161,0.771778263705537,0.30009110782542,0.206155621868734,0.633893030588085,0.527793187910468,0.0260639003492828,2.23160365474135,0.538187078752056,0.0910701042063429,561771.11821936,0,0.150810236032747,0.149793622926762,0.26298888288854,0.0778125954966493,7210993.61728321,0,0.103688955307007,268.922525167465,1,513,1,2,1025,TRUE,TRUE,1
2_528_1,0.75316935190546,0.885195855431853,0.326424636891726,2.77575256162166,0.936852683040982,0.0424181164994591,1.59224400037799,0.759579501934935,0.305323322568833,1.68597987221863,0.339616504404267,0.253143728313161,0.771778263705537,0.30009110782542,0.206155621868734,0.633893030588085,0.527793187910468,0.0260639003492828,2.23160365474135,0.538187078752056,0.0910701042063429,561771.11821936,0,0.150810236032747,0.149793622926762,0.26298888288854,0.0778125954966493,7210993.61728321,0,0.102890014648438,277.105177164078,1,528,1,2,1055,TRUE,TRUE,1
2_543_1,0.75316935190546,0.885195855431853,0.326424636891726,2.77575256162166,0.936852683040982,0.0424181164994591,2.48572528815049,0.609084170407486,0.231697892035139,1.68597987221863,0.339616504404267,0.253143728313161,0.771778263705537,0.30009110782542,0.206155621868734,0.633893030588085,0.527793187910468,0.0505264885177276,2.23160365474135,0.538187078752056,0.0910701042063429,561771.11821936,0,0.150810038678144,0.154669370671299,0.262990811835075,0.0778125954966493,7210993.61728321,0,0.105074167251587,286.242616176605,1,543,1,2,1085,TRUE,TRUE,3
2_642_1,0.56054342658473,0.819290331651252,0.339568423333309,2.59447337960728,0.970929179811427,0.134353505585797,2.5687563652772,0.668071095589738,0.22462952089673,2.07404641720973,0.948539919703886,0.370604214323524,2.9548727081766,0.806700960265286,0.0376918797176486,1.68564473004301,0.472883075662465,0.220659594823763,2.22684930045003,0.308947159300911,0.0350634931005367,33270.2771916612,0,0.10247206273672,0.246219570575937,0.656458413961869,0.00451427844773278,7210993.61728321,0,0.0728549957275391,342.623668193817,1,642,0,2,1283,TRUE,TRUE,3
2_673_1,0.603750972893644,0.736595323450923,0.275869214580082,2.66758143781222,0.898950073263448,0.194155131818726,1.31402145017309,0.598091793637592,0.342305648233237,0.97014211983899,0.733083116916028,0.340971656621354,2.92974860603643,0.960244803796676,0.0190151569138707,2.91773566981359,0.636868712096618,0.33799721799556,2.45774751189412,0.323596524341225,0.00785205173323937,337789.182309621,0,0.136711795481925,0.204721815963516,0.394346301479255,0.0467483138966098,7210993.61728321,0,0.108091115951538,360.795255184174,1,673,1,2,1345,TRUE,TRUE,2
2_694_2,0.549402027108836,0.79293422837386,0.325561989883873,2.54420059506901,0.945881651634277,0.0746636633565138,2.67914328633545,0.402939981322042,0.368495427744282,1.06329347011678,0.830613205716485,0.197503217901302,2.33650185305127,0.614161833743527,0.129222706329681,0.850172838917748,0.773634836177623,0.0263790816114516,2.58016985421399,0.316364948711265,0.00125321551169177,4166.94696370902,0,0.102405176187625,0.247827839160303,0.656906747121862,0.000477908094793348,7210993.61728321,0,0.115656852722168,373.244481086731,2,694,0,2,1388,TRUE,TRUE,3
2_700_2,0.539889317612972,0.818343842973819,0.329624904496199,2.56600482615645,0.872803458283159,0.0853921785865811,2.61040682593574,0.521435826302166,0.367394527205407,1.14628387796632,0.725854326653904,0.293451600015248,2.6126488060118,0.86832473373617,0.03361294521387,0.876794478776873,0.684583441099589,0.0913347838769186,2.19430673242843,0.393492242613057,0.0174068336722713,22706.3052080996,0,0.102376309650007,0.272092859025384,0.657100145908411,0.00304915047132074,7210993.61728321,0,0.106539964675903,376.542474985123,2,700,0,2,1400,TRUE,TRUE,3
2_731_1,0.739321942371826,0.932226744391523,0.374447547473283,2.90130718185926,0.848537895188674,0.055273402710308,2.20708967364536,0.658000378315581,0.144148489696108,1.40376261914514,0.602086344101581,0.299927274139634,1.33814757977622,0.923237917701178,0.149288469375208,0.514214456676777,0.601081503293987,0.0127158286910394,2.22278121991268,0.432522676564885,0.0735626693806961,633540.052457131,0,0.153340739189907,0.149791533622543,0.238048191052836,0.0877663016928278,7210993.61728321,0,0.101027011871338,394.224945068359,1,731,1,2,1461,TRUE,TRUE,1
2_731_2,0.58589066542209,0.846033648803031,0.344875827105615,2.6002340485835,0.950826430491183,0.114259739260237,1.87854570068193,0.776783458081905,0.275540906475749,2.08994480099758,0.825782929444916,0.329280187146843,2.52499552748609,0.710967025567597,0.24535113952839,1.98759270440499,0.352618941206632,0.0117148289339101,2.16097834453379,0.33093377662268,0.0293550984423879,36008.2523204118,0,0.102725432685724,0.23685989940425,0.65475744840776,0.00489401099209156,7210993.61728321,0,0.118512868881226,394.346459150314,2,731,0,2,1462,TRUE,TRUE,3
2_762_2,0.805554622353332,0.870292579665406,0.37275633889846,2.56714996440307,0.98059748448137,0.0844411942912972,2.06763167513731,0.921343035573448,0.0758729158817643,2.30468162833111,0.306478559814521,0.184048850068312,1.54375554494343,0.718466773303337,0.133599967374972,1.72178655970745,0.427249655664234,0.0231460005313139,2.43997620904665,0.354989687135177,0.0494557991260585,335866.731746932,0,0.137317417191669,0.201494181372713,0.38896842655564,0.0464816872804992,7210993.61728321,0,0.0359930992126465,410.053767204285,2,762,1,2,1524,TRUE,TRUE,3
2_776_1,0.638111955131689,0.901509157041783,0.371747484092969,2.769790360068,0.881156540651727,0.0205919204875384,2.05205055937472,0.329516179182155,0.065136465667319,1.03555817182331,0.595875715083641,0.33535818261515,2.32554044604821,0.860255065954339,0.0533140242534979,1.30823382747565,0.606277472256795,0.0127158286910394,1.87427961716931,0.479310331505084,0.0357591683246881,306003.573561271,0,0.111900528190669,0.220626498476071,0.590331442903474,0.0423399356183485,7210993.61728321,0,0.026939868927002,412.152590990067,1,776,0,2,1551,TRUE,TRUE,1
2_782_1,0.531067606270473,0.924502101720386,0.393310406857692,2.25089912868691,0.952177222581182,0.00282352752385116,2.29972077308743,0.394622168332337,0.373539702206007,2.23866018491518,0.746886817113621,0.149673195504666,2.71219414443448,0.942991535456785,0.110440165641265,1.72229466350913,0.732001788726078,0.318032950401116,2.34477676896184,0.301248556622273,0.0022268436456366,310297.360901804,0,0.111889471129227,0.222115785680124,0.590412398850429,0.0429354453345014,7210993.61728321,0,0.0359790325164795,413.019482135773,1,782,0,2,1563,TRUE,TRUE,2
2_784_2,0.698293965616295,0.891312201246693,0.358274370792649,2.8282914116713,0.787383969173223,0.007941372285107,1.80588019937734,0.546698653720807,0.0788436753854403,1.666282791517,0.396412280784813,0.30347358988306,1.55605223352945,0.876632364050882,0.1329226540914,0.513080059076339,0.572198947451775,0.022233179673391,2.21555011355482,0.437239805651689,0.0914976093238325,560434.268815892,0,0.150338132336104,0.155319050348656,0.267596011276728,0.0776271864985643,7210993.61728321,0,0.133728981018066,414.140115022659,2,784,1,2,1568,TRUE,TRUE,3
2_787_2,0.669975011767312,0.943678596817764,0.379572156699566,2.60403893831048,0.90284166821179,0.108920898094593,2.85190438160734,0.698534106762339,0.272099889290214,1.06413298996704,0.67056828942388,0.165787475796843,1.52763886008957,0.873946371836823,0.124912281214189,0.521486141194167,0.62631918922779,0.0247426675392188,2.19473970605515,0.420377168845718,0.0555339847401935,381638.618241953,0,0.140600360365678,0.183639925576652,0.359402459199583,0.0528298365884833,7210993.61728321,0,0.124000072479248,416.063923120499,2,787,1,2,1574,TRUE,TRUE,2
2_799_2,0.698293965616295,0.891312201246693,0.358274370792649,2.8282914116713,0.787383969173223,0.007941372285107,1.80588019937734,0.546698653720807,0.0788436753854402,1.666282791517,0.396412280784813,0.30347358988306,1.55605223352945,0.876632364050881,0.277504355756672,0.513080059076339,0.572198947451775,0.022233179673391,2.21555011355482,0.437239805651689,0.0914976093238325,560434.268815892,0,0.150382358125782,0.154253890459141,0.267165037330185,0.0776271864985643,7210993.61728321,0,0.136330842971802,424.23220205307,2,799,1,2,1598,TRUE,TRUE,2
2_805_1,0.559093977357901,0.780432389596495,0.341046789703807,2.84407242362501,0.860335295278166,0.138859156289707,2.06779307288332,0.464622039431028,0.311884399415526,1.23236261117608,0.703240818958467,0.279046185653039,2.71763848745944,0.767025957301881,0.0433505626245146,2.31753351085494,0.378936092920604,0.231704223031969,1.86660301044243,0.399268364070825,0.0389385706789386,11892.1926494053,0,0.102234945082208,0.265591720025802,0.65804646684279,0.00154933024513437,7210993.61728321,0,0.13447093963623,428.409101009369,1,805,0,2,1609,TRUE,TRUE,1
2_808_1,0.67640788341559,0.638320573063783,0.378794903746228,2.70975035874322,0.96562917709143,0.0671524775507573,2.60433060681177,0.513801599612949,0.301335806101221,0.973927845827079,0.729327376999414,0.254441810218154,1.94315684309892,0.534917205609394,0.239901059135996,0.599318006817569,0.303566132087127,0.0249207576512746,2.35355308431245,0.491173685701028,0.0726873504937398,721849.801872008,0,0.156691040068674,0.144589660995203,0.204389096933244,0.100014070302874,7210993.61728321,0,0.123847007751465,430.484086036682,1,808,1,2,1615,TRUE,TRUE,1
2_820_1,0.645834278069676,0.780432389596495,0.341046789703807,2.84407242362501,0.860335295278166,0.138859156289707,2.06779307288332,0.464622039431028,0.311884399415526,1.23236261117608,0.703240818958467,0.279046185653039,2.71763848745944,0.767025957301881,0.0433505626245146,2.31753351085494,0.378936092920604,0.231704223031969,1.86660301044242,0.399268364070825,0.0389385706789385,11892.1926494053,0,0.102303209587951,0.256444872641347,0.657589654696588,0.00154933024513437,7210993.61728321,0,0.119607925415039,437.984158039093,1,820,0,2,1639,TRUE,TRUE,1
2_823_1,0.67640788341559,0.638320573063783,0.378794903746228,2.70975035874322,0.96562917709143,0.0671524775507573,2.56830343777076,0.424864037375488,0.293150658646561,0.875071948402631,0.97165941263749,0.269211632617736,1.94315684309892,0.534917205609394,0.239901059135996,0.599318006817569,0.303566132087127,0.0249207576512746,2.35355308431245,0.491173685701028,0.0726873504937398,721849.801872008,0,0.15669767024366,0.144475488556152,0.204321765053785,0.100014070302874,7210993.61728321,0,0.130315065383911,439.811418056488,1,823,1,2,1645,TRUE,TRUE,1
2_838_1,0.67640788341559,0.638320573063783,0.378794903746228,2.70975035874322,0.899457197565138,0.0611775713337876,2.45398742559403,0.314064014922217,0.236521518955975,0.875071948402631,0.97165941263749,0.269211632617736,1.94315684309892,0.534917205609394,0.239901059135996,0.599318006817569,0.303566132087127,0.0249207576512746,2.35355308431245,0.491173685701028,0.0726873504937398,721849.801872008,0,0.156686669768734,0.14757056130172,0.204433477387813,0.100014070302874,7210993.61728321,0,0.107932090759277,448.894435167313,1,838,1,2,1675,TRUE,TRUE,3
2_844_2,0.698293965616295,0.891312201246693,0.358274370792649,2.8282914116713,0.787383969173223,0.007941372285107,2.07859190457928,0.64612126524335,0.0940840829065825,1.08565815142571,0.848056685419713,0.340900426544239,2.009147686386,0.624850188048512,0.232010633761851,0.513080059076339,0.572198947451775,0.022233179673391,2.21555011355482,0.437239805651689,0.0914976093238325,560434.268815892,0,0.150377638522947,0.154301934664758,0.267211035221645,0.0776271864985643,7210993.61728321,0,0.110352039337158,452.631098031998,2,844,1,2,1688,TRUE,TRUE,2
2_846_1,0.644622655590818,0.706749512159505,0.366366398551856,2.63797105495047,0.9717108960944,0.0638492001920295,2.6301512718459,0.527102142374692,0.246974722116837,1.06649594980349,0.854030667849465,0.128059363404633,0.758755627670367,0.752790404626043,0.200383314773716,0.642175400546335,0.363761959638655,0.0456087765306881,2.41407556761096,0.466319184367326,0.0701286697433239,700953.768805649,0,0.156078182404804,0.148141850177232,0.21060059037988,0.0971159783078182,7210993.61728321,0,0.120387077331543,453.891647100449,1,846,1,2,1691,TRUE,TRUE,3
2_853_1,0.67640788341559,0.638320573063783,0.378794903746228,2.70975035874322,0.96562917709143,0.0671524775507573,2.56830343777076,0.424864037375488,0.293150658646561,0.875071948402631,0.97165941263749,0.269211632617736,1.94315684309892,0.534917205609394,0.239901059135996,0.599318006817569,0.303566132087127,0.0249207576512746,2.35355308431245,0.491173685701028,0.0726873504937398,721849.801872008,0,0.15669767024366,0.144475488556152,0.204321765053785,0.100014070302874,7210993.61728321,0,0.110485076904297,458.286465167999,1,853,1,2,1705,TRUE,TRUE,1
2_870_1,0.587918469002918,0.874198437153143,0.334446974241128,2.65096139941394,0.952073138442708,0.0545778896820454,2.86998542833246,0.396898884701207,0.357703221192298,0.782675120704365,0.795032814101116,0.317512685391163,2.09979790477171,0.884738350125485,0.141360507930543,1.20947223795448,0.484151284847253,0.186774078854527,2.369409601564,0.313712674117803,0.0602044860116582,142360.891754653,0,0.105890628164372,0.2246441969801,0.633154320519428,0.0196441662975805,7210993.61728321,0,0.109173059463501,468.358524084091,1,870,0,2,1739,TRUE,TRUE,3
2_883_1,0.67640788341559,0.638320573063783,0.378794903746228,2.70975035874322,0.884623904954876,0.00128085488439946,1.92753435905995,0.424864037375488,0.293150658646561,0.875071948402631,0.97165941263749,0.269211632617736,1.94315684309892,0.534917205609394,0.239901059135996,0.599318006817569,0.303566132087127,0.0249207576512746,2.35355308431245,0.491173685701028,0.0726873504937398,721849.801872008,0,0.15670237912618,0.144383754759596,0.204273942879758,0.100014070302874,7210993.61728321,0,0.154053926467896,476.355226993561,1,883,1,2,1765,TRUE,TRUE,1
2_885_1,0.587918469002918,0.874198437153143,0.334446974241128,2.65096139941394,0.994989277936258,0.0593578146556212,2.86998542833246,0.396898884701207,0.357703221192298,0.782675120704365,0.795032814101116,0.317512685391163,2.09979790477171,0.884738350125485,0.141360507930543,1.20947223795448,0.484151284847253,0.186774078854527,2.369409601564,0.313712674117803,0.0602044860116582,142360.891754653,0,0.105893830322653,0.224117008663207,0.633132133179296,0.0196441662975805,7210993.61728321,0,0.161803007125855,477.634382009506,1,885,0,2,1769,TRUE,TRUE,3
2_896_2,0.749517589303646,0.935411699222786,0.398874521128343,2.77644413359586,0.962791718159587,0.139257638504012,1.61146428657897,0.527827443069013,0.320669824447825,0.960798039067059,0.669833695748561,0.379762268810618,2.77551585900132,0.890085633258005,0.127957270851685,0.532437439916187,0.488601563399454,0.0239089267093501,2.02351927143902,0.458860731682153,0.0756912420954047,707160.506172252,0,0.155619114561895,0.149245709521257,0.215237432487554,0.0979767970010334,7210993.61728321,0,0.107833862304688,484.701987028122,2,896,1,2,1792,TRUE,TRUE,2
2_898_1,0.67640788341559,0.638320573063783,0.378794903746228,2.68568381779932,0.946166049092665,0.0257223437055647,2.19076954870667,0.478978773926995,0.26815942829216,0.855892906704962,0.849640946072806,0.283420997355947,1.94315684309892,0.534917205609394,0.239901059135996,0.599318006817569,0.303566132087127,0.0249207576512746,2.35355308431245,0.491173685701028,0.0726873504937398,721849.801872008,0,0.156704432097503,0.143543492913044,0.204253092992395,0.100014070302874,7210993.61728321,0,0.109081029891968,485.812302112579,1,898,1,2,1795,TRUE,TRUE,1
2_900_2,0.546740322517293,0.838358180031966,0.3292226333157,2.26653767503129,0.936176759337913,0.0330105716232098,1.52485859766567,0.771034345824414,0.139266383059089,0.551554092194952,0.56543580352008,0.195132920694244,1.54740337029141,0.793191820063194,0.158386868810319,1.92130435772066,0.896622541117107,0.327564922271306,2.18408252767475,0.35191698596185,0.0366189252417718,8882.50500674921,0,0.102648548733093,0.238388667032391,0.655274042558245,0.00113191361695904,7210993.61728321,0,0.164139032363892,487.122625112534,2,900,0,2,1800,TRUE,TRUE,3
2_913_1,0.796872197700066,0.596289513706391,0.380144943575551,2.82754782760521,0.922082615491746,0.011586870211986,1.33948536554257,0.424864037375488,0.293150658646561,0.875071948402631,0.97165941263749,0.269211632617736,1.94315684309892,0.534917205609394,0.317624557934116,0.607847707046384,0.503159973741481,0.00553077735362629,2.39342831728344,0.524333967681854,0.105826031850149,774717.39414988,0,0.158509839986079,0.142454772368184,0.185811704869179,0.107346330234307,7210993.61728321,0,0.119241952896118,495.239032030106,1,913,1,2,1825,TRUE,TRUE,1
2_922_2,0.715872635683786,0.636668638201292,0.399653865332427,2.69499279078811,0.925815259065622,0.090046413020867,2.70855650768076,0.493841718353256,0.14978737792201,1.07946275126482,0.665789103480077,0.336060326308528,2.52795250706207,0.771594198574799,0.150214136404697,0.521486141194167,0.62631918922779,0.0247426675392188,2.19473970605515,0.420377168845718,0.0726291364046004,349733.335776516,0,0.138332798501273,0.189739244840773,0.379898580805665,0.0484048606411617,7210993.61728321,0,0.106842041015625,501.516175031662,2,922,1,2,1844,TRUE,TRUE,2
2_926_1,0.595494392576828,0.681397600984452,0.398213422305274,2.66489682906287,0.931058418056041,0.083901598896359,1.72163715097585,0.978484341652907,0.202431324258197,2.01618981978183,0.794407252307601,0.386391200123217,2.6814888790874,0.864364660917946,0.0844192871821658,1.90686327842053,0.799936797576997,0.0109180993233651,1.36880117133491,0.479907546170035,0.0147097253886235,20234.6850284662,0,0.102396695756662,0.234893239105086,0.656963569604441,0.00270635896469044,7210993.61728321,0,0.110397100448608,503.861728191376,1,926,0,2,1851,TRUE,TRUE,2
2_934_1,0.700491052037598,0.83365306373512,0.303129217088054,2.9748382427891,0.870324405983649,0.0288511421886379,1.40278586708111,0.619709952074104,0.225978343010724,1.81405752752744,0.732748296977866,0.303840382056126,2.40553048586003,0.971947882628344,0.141674842545314,2.1730287973117,0.379578568553834,0.18847626937187,2.09292853439334,0.399478376062837,0.0592222213694238,263439.113192288,0,0.110287114509955,0.222987213100794,0.602059713992844,0.0364366274891221,7210993.61728321,0,0.114966869354248,508.666002035141,1,934,0,2,1867,TRUE,TRUE,3
2_941_1,0.595494392576828,0.681397600984452,0.398213422305274,2.66489682906287,0.931058418056041,0.083901598896359,1.72163715097585,0.978484341652907,0.202431324258197,2.01618981978183,0.794407252307601,0.386391200123217,2.38376024131976,0.956015529359296,0.0658914457952003,1.90726976146188,0.956261495973528,0.246827659219207,1.29264161926706,0.436914641759712,0.023073438995714,20234.6850284662,0,0.102463475333203,0.231976465091861,0.656515990759516,0.00270635896469044,7210993.61728321,0,0.12389087677002,512.623004198074,1,941,0,2,1881,TRUE,TRUE,2
2_954_2,0.733844526022045,0.563662647517616,0.340890333741196,2.85869965253442,0.881972973231886,0.0742780546473964,2.64800062368441,0.335013460966469,0.300285766916653,0.633518820450252,0.87940831743128,0.235543793064672,1.95317177982359,0.832138970527446,0.139172397524857,1.21730420509548,0.330530277475285,0.156084748699675,2.40561950282189,0.403217176103664,0.0373013695300242,338052.207965686,0,0.137426887232617,0.198782931247053,0.38799380417934,0.046784793191312,7210993.61728321,0,0.108275890350342,520.791562080383,2,954,1,2,1908,TRUE,TRUE,3
2_956_1,0.595494392576828,0.681397600984452,0.398213422305274,2.66489682906287,0.931058418056041,0.083901598896359,1.72163715097585,0.978484341652907,0.202431324258197,2.01618981978183,0.794407252307601,0.386391200123217,2.38376024131976,0.956015529359296,0.0658914457952003,1.90726976146188,0.758355018927779,0.387603096386593,1.29264161926706,0.436914641759712,0.023073438995714,20234.6850284662,0,0.102463475333203,0.231976465091858,0.656515990759516,0.00270635896469044,7210993.61728321,0,0.103737115859985,521.793664216995,1,956,0,2,1911,TRUE,TRUE,2
2_959_2,0.580061800635349,0.65912715399859,0.379266206345317,2.71378654839768,0.903554906719318,0.021467452918376,2.0452039524442,0.805382897225673,0.0538235308081409,0.847933273691948,0.617691227519565,0.287481175540981,1.92232403739019,0.550128732531197,0.246765958644275,0.604091897724849,0.3510171821027,0.0348337228550223,2.33114871879212,0.471459186032501,0.0789681118610732,690755.454225534,0,0.155654814444006,0.145390258589679,0.214877333476222,0.0957015637271256,7210993.61728321,0,0.100437879562378,523.643048048019,2,959,1,2,1918,TRUE,TRUE,1
2_965_2,0.729062655977541,0.90673110200631,0.314603720488061,2.86100400682833,0.891767700727614,0.113437066656076,2.37526670905112,0.321254940914046,0.288104710514644,1.09515928883924,0.887160769945433,0.379666649150775,2.7477847326507,0.674225123776964,0.0512237410787136,0.786134257713437,0.301557864297848,0.0181935304603859,2.34878684969279,0.470275080934457,0.0974778566944416,354308.781193883,0,0.138823928453166,0.184418439320403,0.375487609382909,0.0490394338013293,7210993.61728321,0,0.105041027069092,527.170292139053,2,965,1,2,1930,TRUE,TRUE,2
2_971_1,0.595804881532078,0.702042018733632,0.374368820039256,2.9070143429802,0.996710556810207,0.135856866396685,2.85119421916486,0.705890850369006,0.296863905946936,1.81174352185053,0.897353233771751,0.386391200123217,2.38376024131976,0.956015529359296,0.0658914457952003,1.90726976146188,0.956261495973528,0.246827659219207,1.29264161926706,0.436914641759712,0.023073438995714,20234.6850284662,0,0.102387802415363,0.231492755334919,0.657023153706248,0.00270635896469044,7210993.61728321,0,0.137353897094727,530.522706031799,1,971,0,2,1941,TRUE,TRUE,1
2_994_1,0.700491052037598,0.83365306373512,0.303129217088054,2.9748382427891,0.870324405983649,0.0288511421886379,1.40278586708111,0.693630441682197,0.297446580975326,1.16570504757097,0.769631908760471,0.24397538549468,2.12717892974451,0.737294108508069,0.207517600603809,0.561580510359023,0.664234283468647,0.0227456257917129,1.73744565759836,0.492626418139708,0.0993456466664786,423763.617543991,0,0.143212433447141,0.176525170192967,0.335379323640482,0.0586721954171316,7210993.61728321,0,0.108841896057129,544.611124992371,1,994,1,2,1987,TRUE,TRUE,2
3_255_1,0.733192477795537,0.533212503061322,0.0151137365882948,2.68263679662105,0.919985712632348,0.0669846665362232,1.23689277360454,0.354426118024465,0.227819504454207,1.58383276494112,0.520580285097288,0.147495719916768,2.29084099354966,0.751495973582697,0.0220692638473735,1.56033949661892,0.75326309484781,0.113289129634384,2.70202100729471,0.374235593302561,0.0643801029212144,340329.095742425,0,0.137175764425711,0.204273928924523,0.390228422130044,0.047100577063708,7210993.61728321,0,0.116760969161987,148.293648958206,1,255,1,3,509,TRUE,TRUE,3
3_343_1,1.02970709054646,0.478652248579392,0.0346286406055881,2.30498672056316,0.971657730767809,0.0376076304662451,1.21839682239554,0.31156777857092,0.210622254292236,1.16574936490188,0.467076231596631,0.0366526340114903,2.35941542575498,0.851551531326718,0.00359739076973877,1.30865995321766,0.399350465664974,0.074794065511396,2.98263653338593,0.416862658769794,0.0162600905551401,336780.991275122,0,0.136975000408768,0.204849751942865,0.392011982187857,0.0466084868606701,7210993.61728321,0,0.1458420753479,201.577564001083,1,343,1,3,685,TRUE,TRUE,3
3_456_2,0.717420628674676,0.700055455722043,0.0123782419619312,2.67932114667496,0.944945269213838,0.0673555141414209,1.35684166235414,0.659026693483138,0.229769884235813,1.03963172311739,0.575654528344024,0.11026094867268,2.68675091061875,0.837710756707972,0.108003755941138,1.64627725585819,0.54158879635004,0.182911964152718,2.93985210756331,0.40228797965619,0.0513096702539743,330055.189287178,0,0.136484564389795,0.198493646671802,0.396357963717765,0.0456756785692737,7210993.61728321,0,0.122653007507324,270.291104078293,2,456,1,3,912,TRUE,TRUE,1
3_476_1,1.01359422937288,0.35168757300176,0.0253518127516824,2.37946214110918,0.988807694788071,0.0209908989409761,1.02399927094646,0.386756197257838,0.128537413734941,2.37466134016901,0.434001005777442,0.370693310325803,1.18577277739873,0.606652121988831,0.0341073048353691,0.53235165525153,0.613845362502534,0.0303970898252806,2.82957205628586,0.433571838559059,0.0187763766202432,418331.668095106,0,0.142742995196011,0.180808839681313,0.339729323264664,0.0579188328451367,7210993.61728321,0,0.108163118362427,282.605245113373,1,476,1,3,951,TRUE,TRUE,3
3_484_2,1.00549360835356,0.312207257432674,0.16408877255794,2.39087883806096,0.939284101053719,0.0488062659843922,1.3913739057204,0.499240927350637,0.395868149624416,1.68476062146848,0.344951945358439,0.0438783372548696,2.37758229487858,0.842576503157287,0.147588681595193,0.77241054866545,0.340463594000185,0.0245111141471757,2.616803999457,0.397722040648533,0.0773827371554767,394731.738457958,0,0.141205572734929,0.182060273030669,0.353875702740889,0.0546457346954497,7210993.61728321,0,0.112908840179443,287.413910150528,2,484,1,3,968,TRUE,TRUE,3
3_498_1,0.939294667090203,0.808548941118177,0.0291938248249955,2.93934983959454,0.997422326983058,0.0843286938751503,1.38363454329292,0.556060432463405,0.265045767170814,0.777934925449404,0.464857781696105,0.200643159474883,2.90767859487847,0.842875606489762,0.109516295419088,0.688438209583072,0.370563084469023,0.0215889597509088,2.69122309989401,0.362387123174039,0.0306531199910955,548837.877838757,0,0.148945886853367,0.156399977310786,0.281098435370039,0.0760188712860239,7210993.61728321,0,0.129933834075928,295.900928974152,1,498,1,3,995,TRUE,TRUE,3
3_500_2,0.902596082611659,0.456057466298429,0.0432469547189223,2.95706962847381,0.970895081215449,0.0392462577739403,1.12673899037373,0.637392857148764,0.0793474239971042,1.81561228976461,0.52261315496127,0.185559810953883,1.84609894606065,0.976282154290737,0.0901464787359883,0.944443781558831,0.343358284311312,0.0261585532302358,2.16925150638447,0.535924445019488,0.122161792539753,482519.083910656,0,0.146494663645881,0.167655102537115,0.304565856293319,0.0668210505707509,7210993.61728321,0,0.14680004119873,297.235538959503,2,500,1,3,1000,TRUE,TRUE,2
3_526_1,0.701426320921553,0.739449570883213,0.0318560355852409,2.34780971784909,0.862426385076987,0.00374072620614729,1.28602899788322,0.673894770676687,0.342947438178355,1.2125229418215,0.78117314021868,0.306208418701895,1.06483877238503,0.707890820427316,0.0602178257573682,0.528672649928033,0.390704226693915,0.00750957017849476,2.75326276687134,0.39752773978884,0.0870653532384112,335108.883270072,0,0.13725027786279,0.194424048921375,0.389565790262338,0.0463765805074921,7210993.61728321,0,0.107127904891968,312.822407960892,1,526,1,3,1051,TRUE,TRUE,2
3_541_1,0.701426320921553,0.739449570883213,0.0318560355852409,2.34780971784909,0.862426385076987,0.00374072620614729,1.28602899788322,0.673894770676687,0.342947438178355,1.2125229418215,0.585900267118716,0.352631289539296,1.21264392397754,0.711783417586768,0.091885766280612,1.17042071582616,0.466413992880486,0.00750957017849476,2.75326276687134,0.39752773978884,0.0870653532384112,335108.883270072,0,0.137214084754241,0.202838520604528,0.389887692686329,0.0463765805074921,7210993.61728321,0,0.124011993408203,321.933453083038,1,541,1,3,1081,TRUE,TRUE,3
3_546_1,0.786844423190829,0.924306915370688,0.133532646599628,0.854773616236008,0.708188758195382,0.0936894217872604,1.41520651746709,0.764501763270397,0.397217197910869,1.67487869522201,0.343994450829666,0.144212118310716,2.95172850661204,0.784468890574698,0.0291723664122774,2.7580817994616,0.916497326267938,0.329460793922665,2.17604197144722,0.4691594611419,0.107350039419265,28905.1686915153,0,0.103382258284573,0.225619517492397,0.65032837755702,0.00390887712769998,7210993.61728321,0,0.114098072052002,324.968595027924,1,546,0,3,1091,TRUE,TRUE,3
3_556_1,0.719663945975835,0.365280497128043,0.0850579332803967,2.90308183913758,0.690274618277526,0.00374072620614729,1.28602899788322,0.673894770676687,0.342947438178355,1.2125229418215,0.585900267118716,0.352631289539296,1.21264392397754,0.711783417586768,0.135684261566997,0.701597971554589,0.381880920341812,0.0348896013916166,2.87630000340771,0.346304307181067,0.0381079144901481,388364.763795852,0,0.140768103797651,0.185704674967277,0.35787301603171,0.05376269252939,7210993.61728321,0,0.109662055969238,330.956815004349,1,556,1,3,1111,TRUE,TRUE,3
3_558_1,0.939294667090203,0.808548941118177,0.0291938248249955,2.93934983959454,0.985882158264464,0.114208459607437,1.31929986457292,0.501578912000674,0.203549039110466,0.777934925449404,0.464857781696105,0.200643159474883,2.90767859487847,0.842875606489762,0.109516295419088,0.688438209583072,0.370563084469023,0.0215889597509088,2.69122309989401,0.362387123174039,0.033241688828625,548837.877838757,0,0.148939089429976,0.156882511687691,0.281164050700655,0.0760188712860239,7210993.61728321,0,0.119710922241211,332.12761592865,1,558,1,3,1115,TRUE,TRUE,3
3_561_1,0.786844423190829,0.924306915370688,0.133532646599628,0.854773616236008,0.708188758195382,0.117178557000981,1.28389394179287,0.661281328160309,0.358252633029738,2.38213053580186,0.343994450829666,0.144212118310716,2.95172850661204,0.784468890574698,0.0291723664122774,2.7580817994616,0.916497326267938,0.329460793922665,2.17604197144722,0.4691594611419,0.107350039419265,28905.1686915153,0,0.103375961809976,0.226225791907121,0.650370969612518,0.00390887712769998,7210993.61728321,0,0.127006053924561,334.073707103729,1,561,0,3,1121,TRUE,TRUE,3
3_581_2,0.6238965775755,0.647771927396626,0.0135373634928029,2.75593725433081,0.972799308373377,0.0207274027193826,1.38417591149269,0.557213854022414,0.249642240669104,0.582530055108196,0.559666112823954,0.0458858805655073,2.41187503051529,0.958811535174851,0.108674064925599,0.599275934683495,0.386942586935633,0.0154020716350602,2.63297023025789,0.325621835549353,0.032843241566677,548248.023940764,0,0.148912489633026,0.158498100414191,0.281420788980926,0.0759370638513497,7210993.61728321,0,0.108377933502197,346.45724105835,2,581,1,3,1162,TRUE,TRUE,3
3_591_1,0.786844423190829,0.924306915370688,0.133532646599628,0.854773616236008,0.708188758195382,0.0936894217872604,1.41520651746709,0.764501763270397,0.397217197910869,1.67487869522201,0.343994450829666,0.144212118310716,2.95172850661204,0.784468890574698,0.0291723664122774,2.7580817994616,0.709800108274156,0.307530118521013,2.07664947785447,0.418624471098787,0.107993660677124,28905.1686915153,0,0.103301427030606,0.230583435317894,0.650874957728085,0.00390887712769998,7210993.61728321,0,0.147005081176758,352.598922014236,1,591,0,3,1181,TRUE,TRUE,3
3_626_2,0.6238965775755,0.647771927396626,0.0135373634928029,2.75593725433081,0.972799308373377,0.0207274027193826,1.20444120322196,0.384953927830787,0.283562046233754,0.768050334827215,0.909002612425345,0.0754572578004656,2.41187503051529,0.958811535174851,0.108674064925599,0.599275934683495,0.386942586935633,0.0154020716350602,2.63297023025789,0.325621835549353,0.032843241566677,548248.023940764,0,0.14890818623336,0.158720921490153,0.281462320606134,0.0759370638513497,7210993.61728321,0,0.152574062347412,373.814918041229,2,626,1,3,1252,TRUE,TRUE,3
3_656_2,0.7151952147324,0.647771927396626,0.0135373634928029,2.75593725433081,0.972799308373377,0.0207274027193826,1.20444120322196,0.384953927830787,0.283562046233754,0.768050334827215,0.909002612425345,0.0754572578004656,2.41187503051529,0.958811535174851,0.108674064925599,0.599275934683495,0.386942586935633,0.0154020716350602,2.06012897528572,0.460528164962801,0.0859677365536339,589010.27720052,0,0.150918477325155,0.150358294755617,0.261930550689458,0.0815904220508406,7210993.61728321,0,0.120291948318481,392.197304964066,2,656,1,3,1312,TRUE,TRUE,3
3_666_2,0.504979167957909,0.66593811617454,0.00905464292714484,2.78364517605126,0.893403617088683,0.0336027009009284,1.26147419630219,0.904518650148652,0.364181596496569,0.965925253435335,0.911982249959962,0.198289353803194,1.75868977671058,0.560501777390961,0.0937583997019484,0.836110377964012,0.358207980051524,0.0392408023803753,2.57901735362117,0.3949805370217,0.0476941040584573,519397.509296994,0,0.148040856689449,0.163307025251674,0.289808322317356,0.0719357567478995,7210993.61728321,0,0.10371994972229,398.583877086639,2,666,1,3,1332,TRUE,TRUE,3
3_671_2,0.7151952147324,0.647771927396626,0.0135373634928029,2.75593725433081,0.972799308373377,0.0207274027193826,1.20444120322196,0.384953927830787,0.283562046233754,0.768050334827215,0.909002612425345,0.175605979139999,2.41187503051529,0.958811535174851,0.108674064925599,0.599275934683495,0.386942586935633,0.0154020716350602,2.06012897528572,0.460528164962801,0.0859677365536339,589010.277200519,0,0.150914341333652,0.150161987103219,0.261971004412489,0.0815904220508406,7210993.61728321,0,0.048954963684082,401.26987195015,2,671,1,3,1342,TRUE,TRUE,2
3_672_2,0.802660110813024,0.753090601161197,0.0207591902814929,2.84581962341792,0.99065891021665,0.10076878552528,1.15661957491746,0.472524897506457,0.176309299480173,0.859508058388025,0.738767505507075,0.0231234522208526,2.85451859489468,0.969235957547918,0.168121503216122,0.604400123004818,0.379542733087627,0.037509382406096,2.91242343166736,0.366119227457298,0.0582759923017972,898357.804269162,0,0.160618660692974,0.144570808168133,0.164003613970423,0.124494143969776,7210993.61728321,0,0.0380611419677734,401.494645118713,2,672,1,3,1344,TRUE,TRUE,3
3_681_1,0.786844423190829,0.924306915370688,0.133532646599628,0.854773616236008,0.708188758195382,0.0936894217872604,1.41520651746709,0.764501763270397,0.397217197910869,1.67487869522201,0.343994450829666,0.144212118310716,2.95172850661204,0.784468890574698,0.0291723664122774,1.22050466226353,0.42852640569605,0.0928986656085029,2.47854377846783,0.418624471098787,0.107993660677124,28905.1686915153,0,0.103410888759479,0.225153643721164,0.650134676025882,0.00390887712769998,7210993.61728321,0,0.0433590412139893,403.915655136108,1,681,0,3,1361,TRUE,TRUE,3
3_696_2,0.504979167957909,0.66593811617454,0.00905464292714484,2.78364517605126,0.927170839737882,0.0220313132063088,1.53758142526684,0.509934093350057,0.182126249171629,0.831061125885681,0.884607173116712,0.162265240132545,0.739376854705942,0.871655931428581,0.0937583997019484,0.836110377964012,0.358207980051524,0.0392408023803753,2.57901735362117,0.3949805370217,0.0476941040584573,519397.509296994,0,0.148173811088374,0.161620936189735,0.288532113707276,0.0719357567478995,7210993.61728321,0,0.0831220149993897,408.592468976975,2,696,1,3,1392,TRUE,TRUE,3
3_700_1,0.608208450441443,0.843302456740158,0.0742557346561614,2.77839899592919,0.912846617863988,0.0308263740189503,1.38293047603173,0.416415879348102,0.161096817638381,0.604944999141695,0.765831310286292,0.25492389649605,1.4322649362054,0.754546946679826,0.0945672613895781,0.530576900373622,0.407063532957777,0.00204045853545898,2.72447692238547,0.330547612290958,0.0807466132238898,351589.977028722,0,0.138307649392133,0.183362938048464,0.380124031036433,0.0486623600973322,7210993.61728321,0,0.136425018310547,411.00661611557,1,700,1,3,1399,TRUE,TRUE,1
3_708_1,0.542357872429461,0.833298899019493,0.0291938248249955,2.93934983959454,0.985882158264464,0.114208459607437,1.31929986457292,0.501578912000674,0.203549039110466,0.777934925449404,0.464857781696105,0.200643159474883,2.90767859487847,0.842875606489762,0.109516295419088,0.688438209583072,0.370563084469023,0.0215889597509088,2.69122309989401,0.443189269779811,0.0320673713184474,501049.228947107,0,0.147058610925279,0.15511309516052,0.299201250248262,0.0693910151581356,7210993.61728321,0,0.109014987945557,415.763669967651,1,708,1,3,1415,TRUE,TRUE,2
3_710_2,0.736843866076382,0.427237584200403,0.00750435402837777,2.84532643053295,0.984859974235906,0.0548307258914978,0.991708799950816,0.443504354496099,0.0380275429765035,0.834553805853275,0.75143397641792,0.26055160673366,2.47699028566304,0.966249884953871,0.0823568596763496,1.25832670417331,0.333056173034127,0.129722842401088,2.54097233275838,0.307673611912787,0.105456649504861,24665.748599757,0,0.102600781601557,0.244858928781733,0.655594801868075,0.00332090766035723,7210993.61728321,0,0.0920369625091553,417.001326084137,2,710,0,3,1420,TRUE,TRUE,3
3_735_2,0.611636353433375,0.64525741704513,0.0303826236863661,2.57713340177883,0.79227335196313,0.0905695061726679,1.47213760486611,0.36887965272286,0.315353247395537,0.996326061869234,0.915757941856838,0.216100805424858,2.2027118271371,0.848092955550074,0.101780326172297,2.10130695570064,0.763382103892971,0.241932198458287,2.8652934141739,0.308626208773603,0.00674804288779291,8714.74469922928,0,0.10227435412601,0.26877527496103,0.657782786765497,0.00110864676995666,7210993.61728321,0,0.124933004379272,432.292768955231,2,735,0,3,1470,TRUE,TRUE,2
3_736_2,0.554807688874136,0.84776599980026,0.191314907148563,1.08084414594563,0.620237377603068,0.11887691614237,1.61652547523257,0.739615870301832,0.329827323135783,1.00408890686157,0.941391524099236,0.0559472494208883,2.60153702609136,0.949313185262966,0.0962021367218876,2.88400713581611,0.964275902365141,0.336732852684222,2.04023988550531,0.318829898861175,0.0796756905898993,29966.5784072348,0,0.10301688151768,0.2217555457594,0.652795650356004,0.00405608511645232,7210993.61728321,0,0.188547849655151,433.014636039734,2,736,0,3,1472,TRUE,TRUE,1
3_766_2,0.554807688874136,0.84776599980026,0.191314907148563,1.08084414594563,0.47581661247487,0.174750598904999,1.83068259654789,0.72675645021549,0.35526028406521,1.18670948849518,0.941391524099236,0.0559472494208882,2.60153702609136,0.949313185262966,0.0962021367218876,2.88400713581611,0.964275902365141,0.336732852684222,2.04023988550531,0.318829898861175,0.0796756905898993,29966.5784072348,0,0.103023027266917,0.222423094402874,0.652754222301002,0.00405608511645232,7210993.61728321,0,0.10975193977356,452.647710084915,2,766,0,3,1532,TRUE,TRUE,2
3_770_2,0.614035847448072,0.583145898637538,0.0207886896475394,2.94689373381734,0.86187966383184,0.0951379114615843,1.11417871501228,0.34229259402573,0.0380275429765035,0.834553805853275,0.75143397641792,0.26055160673366,2.47699028566304,0.755621730163962,0.0714460618347924,1.07134326285122,0.599297670155187,0.0978266558695321,2.34364230189878,0.463801036106727,0.142999915596868,333057.914875853,0,0.137060716890681,0.197819105837754,0.391250808251558,0.0460921296231294,7210993.61728321,0,0.137703895568848,455.611022949219,2,770,1,3,1540,TRUE,TRUE,2
3_773_2,0.876497095137008,0.502986187040518,0.0791182073189827,2.50562692384744,0.886752440243952,0.0272688515863464,1.3772289774034,0.907976621512682,0.261400830461147,0.651860434985564,0.481650623081878,0.254545552315429,0.980507051632421,0.741971317540054,0.0675759236736159,0.881724434091927,0.378387958295571,0.0279971301162525,2.8088483828275,0.462707878469046,0.107230552010548,341139.74188049,0,0.138088189235535,0.198498383901554,0.382089651135751,0.0472130063978351,7210993.61728321,0,0.130313873291016,457.731317996979,2,773,1,3,1546,TRUE,TRUE,3
3_781_2,0.6436254612397,0.889080763618837,0.143607989325917,1.01206062937204,0.701966752659779,0.0992263514080967,1.74984128594941,0.739615870301832,0.329827323135783,1.00408890686157,0.941391524099236,0.0559472494208882,2.60153702609136,0.949313185262966,0.0962021367218876,2.88400713581611,0.964275902365141,0.336732852684222,2.04023988550531,0.318829898861175,0.0796756905898993,29966.5784072348,0,0.103063262069786,0.235107811069855,0.652482941326544,0.00405608511645232,7210993.61728321,0,0.157802104949951,463.428151130676,2,781,0,3,1562,TRUE,TRUE,3
3_787_1,0.525015187625391,0.970838921992596,0.0889720703275982,2.85286612850461,0.992521531871256,0.0774549727019404,1.02205531885126,0.87876060921583,0.362241581288434,0.86853494980028,0.82790548812795,0.166113991921342,2.4594940626748,0.982134969420749,0.113555700456277,0.518080177549733,0.411535381359791,0.0232701307644255,2.37147121013186,0.418369671758987,0.062418280789397,1026473.38942736,0,0.16364786562363,0.140941104988392,0.132173134995322,0.142262624265044,7210993.61728321,0,0.12401294708252,467.429840087891,1,787,1,3,1573,TRUE,TRUE,2
3_800_2,0.614035847448072,0.583145898637538,0.0207886896475394,2.94689373381734,0.86187966383184,0.0865469872539277,1.65555272526634,0.61478816956423,0.300967016101455,0.845122769641536,0.75143397641792,0.26055160673366,2.47699028566304,0.755621730163962,0.0714460618347924,1.07134326285122,0.599297670155187,0.0978266558695321,2.34364230189878,0.463801036106727,0.142999915596868,333057.914875853,0,0.137065344444002,0.197445161142323,0.391209701405442,0.0460921296231294,7210993.61728321,0,0.111721038818359,476.710082054138,2,800,1,3,1600,TRUE,TRUE,2
3_815_2,0.572732711376752,0.565094885096192,0.0375702797630249,2.90121135594965,0.924022764510038,0.120992494906014,1.15396103009764,0.592914689307951,0.0674890657336936,0.917587477561849,0.865237878675269,0.356153333703259,2.42413045023896,0.922889748731694,0.0422888252890952,1.51679959051254,0.566757743600815,0.171918208841602,2.06817770802573,0.463801036106727,0.142999915596868,333057.914875853,0,0.136926955384472,0.198560645859451,0.392438420239261,0.0460921296231294,7210993.61728321,0,0.129525899887085,486.060580015183,2,815,1,3,1630,TRUE,TRUE,2
3_817_1,0.717954131314788,0.499573525462389,0.074308523496587,2.89215719872588,0.865911189211047,0.0965151744686211,1.2315291045802,0.87876060921583,0.362241581288434,0.886134164011548,0.649199869064327,0.211165583182783,0.742224991248476,0.747441194634325,0.050950956095274,0.865338851657212,0.353590002706658,0.00274929424620553,2.43436242067498,0.363850838212635,0.172905609189846,365417.294065561,0,0.139657781177614,0.180497798996267,0.367962749318005,0.0505800847051706,7210993.61728321,0,0.105337858200073,487.145303964615,1,817,1,3,1633,TRUE,TRUE,1
3_836_2,0.620550024909472,0.740892447505274,0.180323758267796,2.78820579778974,0.913313785843992,0.0578640517380869,1.75330052005134,0.505940519976348,0.349227132059826,0.90156672983213,0.805698897430576,0.274938385077082,2.17620432667746,0.855553693203559,0.169213084468617,0.919264562455543,0.709865237663998,0.174430194735773,2.83526144221597,0.301249622488589,0.150285706540105,309914.430450822,0,0.112439967468384,0.222802905201474,0.586372141174944,0.0428823363223205,7210993.61728321,0,0.11725902557373,498.717173099518,2,836,0,3,1672,TRUE,TRUE,3
3_838_2,0.512664380720012,0.709218316322432,0.0522366039044922,2.54814509484,0.758415618899936,0.0593948921992121,0.87561234451439,0.715371084396269,0.265826516426524,0.883408194447622,0.819954188164967,0.016091139793928,2.7989115188195,0.90087647367551,0.188983328945166,0.626172092830846,0.322363417562988,0.0146426781569821,2.91790421124287,0.346876126074395,0.00746117353846838,338145.502283008,0,0.136886654030256,0.19541555093084,0.392796011642359,0.0467977322746949,7210993.61728321,0,0.114933013916016,500.031177043915,2,838,1,3,1676,TRUE,TRUE,1
3_839_1,0.824102911145372,0.349313207774002,0.0014334757082857,2.96041504174415,0.882903176937167,0.028721483457816,0.619637372477897,0.586087241308079,0.15791133095364,0.726432576990825,0.575558908942146,0.270976142491483,2.77784840488843,0.889044962906218,0.135373322372622,0.650198834244456,0.362910469183384,0.0375324091955572,2.30193114831813,0.413780417100706,0.0762773378983821,843764.399600201,0,0.159223407995356,0.145522081113261,0.178464698213319,0.116922529369458,7210993.61728321,0,0.109267950057983,500.523572921753,1,839,1,3,1677,TRUE,TRUE,3
3_856_2,0.554807688874136,0.84776599980026,0.136855048084841,0.902357540991548,0.802403185243535,0.163342254394395,1.40704006998653,0.890160261235184,0.249743245775469,1.24061594859317,0.914571867897468,0.119009782535185,2.13177520984607,0.986250098766021,0.0875624171880215,2.36017609517467,0.9014379255365,0.336732852684222,2.04023988550531,0.318829898861175,0.0796756905898993,29966.5784072348,0,0.103102562879638,0.230643099283594,0.652217855483262,0.00405608511645232,7210993.61728321,0,0.11752200126648,511.211534976959,2,856,0,3,1712,TRUE,TRUE,3
3_862_1,0.805323873901374,0.384975924647896,0.074308523496587,2.96643943467097,0.967953143837545,0.141646542273949,1.10580359570101,0.430039326821367,0.0753751238052472,0.886134164011548,0.649199869064327,0.211165583182783,1.04284401614475,0.614712614422193,0.0114802855873224,0.663236359536471,0.397621705144342,0.0227606177666486,2.54698246184184,0.421243132104821,0.149356054813913,348189.463872325,0,0.13848952742023,0.18620821603346,0.378492654195658,0.0481907394827237,7210993.61728321,0,0.102347850799561,514.604424953461,1,862,1,3,1723,TRUE,TRUE,3
3_868_2,0.512664380720012,0.709218316322432,0.0522366039044922,2.54814509484,0.758415618899936,0.0593948921992121,0.87561234451439,0.715371084396269,0.265826516426524,0.790123449227712,0.893100712903424,0.154155523288942,2.61950482982246,0.90087647367551,0.188983328945166,0.626172092830846,0.322363417562988,0.014642678156982,2.91790421124287,0.346876126074395,0.00746117353846838,338145.502283008,0,0.136908515344582,0.193057377542027,0.392602050626662,0.0467977322746949,7210993.61728321,0,0.0879850387573242,518.696609020233,2,868,1,3,1736,TRUE,TRUE,1
3_883_2,0.571963039473029,0.665379885380902,0.0666401092840401,2.46639489892309,0.636278085099369,0.0779660858242097,0.967849098523964,0.483253451788047,0.334293206954303,0.848763665449096,0.907963081024782,0.100763025195671,2.41168025203418,0.909182232749192,0.184004585130093,0.990195852704811,0.322363417562988,0.014642678156982,2.91790421124287,0.346876126074395,0.00746117353846838,338145.502283008,0,0.136896334730574,0.213950157421707,0.392710124997849,0.0467977322746949,7210993.61728321,0,0.148870944976807,528.835410118103,2,883,1,3,1766,TRUE,TRUE,3
3_886_2,0.554807688874136,0.84776599980026,0.166132976250163,1.08084414594563,0.620237377603068,0.11887691614237,1.61652547523257,0.739615870301832,0.329827323135783,1.00408890686157,0.941391524099236,0.0559472494208882,2.60153702609136,0.949313185262966,0.0962021367218876,2.88400713581611,0.964275902365141,0.336732852684222,2.04023988550531,0.318829898861175,0.0796756905898993,29966.5784072348,0,0.103018338020782,0.222924655037902,0.652785832396464,0.00405608511645232,7210993.61728321,0,0.109764099121094,530.669743061066,2,886,0,3,1772,TRUE,TRUE,2
3_893_2,0.853835245093103,0.616101860719621,0.028989873920588,2.76631959453918,0.988931783379174,0.125076707424737,1.67796166369602,0.317577903031025,0.232948990451579,0.917317563218437,0.457143940373824,0.105026831733971,2.69298533881687,0.75447413240696,0.132646421353013,0.826485013837371,0.335388528037853,0.0418828137320494,2.6349683186789,0.408470822660974,0.0358041669437291,405891.505788835,0,0.141583092424597,0.178917953069135,0.350416197405253,0.0561934941321616,7210993.61728321,0,0.140295028686523,534.927438020706,2,893,1,3,1786,TRUE,TRUE,2
3_897_1,0.714622730640921,0.981027377397255,0.0279780757981981,2.77612335838341,0.98749755430273,0.0476696690042439,1.36244538372423,0.493705816030685,0.0149114782509404,0.597125461785088,0.788166997737329,0.0755221367018944,2.76268558709543,0.971743574568438,0.190348476521684,0.570107367823456,0.419339369491966,0.034938058655105,2.26198081803771,0.502612465684926,0.00588403295876132,804249.330322543,0,0.158310419781846,0.142651334036581,0.187859066226185,0.111442144379925,7210993.61728321,0,0.13555908203125,537.253318071365,1,897,1,3,1793,TRUE,TRUE,1
3_898_1,0.642928953534843,0.836193963013625,0.0831684445552336,2.71068467832553,0.802630584253327,0.119565685557746,0.946712430988789,0.602040068296683,0.194787004366804,1.08983250262093,0.669022227973396,0.175977845163164,2.62900771547743,0.903273474275993,0.170502479474592,0.57450724847618,0.358275696353791,0.00623648566735273,2.43363323648051,0.355489491789814,0.00628540893905895,359808.558412291,0,0.138348139037381,0.185699698105367,0.379761039806372,0.0498022034753933,7210993.61728321,0,0.120085000991821,537.782356023789,1,898,1,3,1795,TRUE,TRUE,2
3_898_2,0.512664380720012,0.709218316322432,0.0522366039044922,2.54814509484,0.758415618899936,0.113054498148138,1.69678924769904,0.94576051203563,0.396394367875286,0.886668019158869,0.990250581650839,0.122270635587374,2.77740442400497,0.893200117832649,0.195732296459947,1.93880618146814,0.753940207429055,0.0801989115195289,2.65909593661422,0.349689414485391,0.0100575555065034,330950.370245786,0,0.136275863170745,0.211661216176987,0.398202633985487,0.0457998321233014,7210993.61728321,0,0.141610145568848,537.929397106171,2,898,1,3,1796,TRUE,TRUE,1
3_901_2,0.554807688874136,0.84776599980026,0.191314907148563,1.08084414594563,0.620237377603068,0.11887691614237,1.61652547523257,0.739615870301832,0.329827323135783,1.00408890686157,0.941391524099236,0.0559472494208882,2.60153702609136,0.949313185262966,0.0962021367218876,2.88400713581611,0.964275902365141,0.336732852684222,2.47738628639412,0.318829898861175,0.0796756905898993,29966.5784072348,0,0.103058953053405,0.222370713640197,0.652511999700297,0.00405608511645232,7210993.61728321,0,0.102828025817871,539.738505125046,2,901,0,3,1802,TRUE,TRUE,2
3_912_1,0.714622730640921,0.981027377397255,0.0279780757981981,2.77612335838341,0.98749755430273,0.0476696690042439,1.32092471369558,0.458099453136772,0.0145881707465877,0.722184578803461,0.727489665815506,0.174566795203895,2.76268558709543,0.971743574568438,0.190348476521684,0.688648117971989,0.416269832545595,0.0104601222748964,2.34793902577574,0.498617760497293,0.0143072996159025,804626.836817259,0,0.158357990466786,0.142574449336587,0.187370912570603,0.111494501138117,7210993.61728321,0,0.10823392868042,546.502466917038,1,912,1,3,1823,TRUE,TRUE,1
3_916_2,0.554807688874136,0.84776599980026,0.191314907148563,1.08084414594563,0.620237377603068,0.11887691614237,1.95463541227996,0.739615870301832,0.329827323135783,1.00408890686157,0.941391524099236,0.0559472494208882,2.60153702609136,0.949313185262966,0.0962021367218876,2.88400713581611,0.964275902365141,0.336732852684222,2.04023988550531,0.318829898861175,0.0796756905898993,29966.5784072348,0,0.10301688151768,0.2217555457594,0.652795650356004,0.00405608511645232,7210993.61728321,0,0.126312971115112,549.023206949234,2,916,0,3,1832,TRUE,TRUE,1
3_919_1,0.565765702395002,0.963604149957354,0.0145184564272055,2.97820008909088,0.887493575883427,0.155433503813734,1.2364474993613,0.456469023802412,0.0754641840165969,1.06799888297923,0.476472346812727,0.38774097103459,1.08548732354288,0.942253845426108,0.164965025267249,0.850988836195437,0.398969696513479,0.00703445492862258,2.69658394472033,0.327477902293803,0.0533490213329625,490327.075230599,0,0.146493733450852,0.168627020118111,0.304574687841362,0.0679039487969326,7210993.61728321,0,0.105659008026123,550.735860109329,1,919,1,3,1837,TRUE,TRUE,3
3_949_2,0.91649411531295,0.836586848926033,0.0194149597356494,2.7662079187546,0.94193350745376,0.017248441509853,0.614038950860779,0.384207049097207,0.139972002661044,0.781961942966781,0.721621098726198,0.0914386822963184,2.38654218440025,0.963101106299537,0.0725949214158935,0.635111584568428,0.384726931554379,0.0433195067595347,2.27706112252731,0.498086304096447,0.075055835443021,584025.6065127,0,0.150856834429966,0.154391517264478,0.262533358866486,0.0808990930233412,7210993.61728321,0,0.101409912109375,569.696563005447,2,949,1,3,1898,TRUE,TRUE,3
3_954_2,0.718673281164064,0.756221222575509,0.0526298325006756,2.99111668124679,0.986736368415854,0.150440311738381,1.48458825912752,0.435483184279949,0.239073472171758,1.35280491359284,0.971436673581094,0.202803648309607,2.21145150565058,0.956618037150742,0.131286916349266,0.575107395120625,0.324399998671948,0.0235856569308584,2.27738650251244,0.461953536697452,0.0218815020754549,558190.717714508,0,0.149674712563134,0.154510270369584,0.274045728290862,0.0773160261234456,7210993.61728321,0,0.0994269847869873,572.631793022156,2,954,1,3,1908,TRUE,TRUE,2
3_959_2,0.669096583725573,0.464630802992804,0.0516433057968456,2.78366568452344,0.904131519151299,0.0113494674267124,1.85115667452886,0.352494261183442,0.294940075764825,0.956521329408004,0.733896903567075,0.23449643499634,1.19240348271113,0.37180988918243,0.00819694452569797,0.511560554409153,0.348935416133831,0.0289772680645013,2.88800259941787,0.441030024187843,0.0589216200387459,634429.131500689,0,0.153415503688646,0.149209819904697,0.237304998694749,0.0878896089660756,7210993.61728321,0,0.106099128723145,575.585389137268,2,959,1,3,1918,TRUE,TRUE,1
3_979_2,0.754997007575326,0.952139271703011,0.0262654525856883,2.77414027045765,0.978384744932936,0.0415854235053657,1.21276409715154,0.47180606264399,0.0399235831329612,0.634092758021427,0.774857817935103,0.0787054458207792,2.68745690655639,0.963101106299537,0.0725949214158935,0.635111584568428,0.384726931554379,0.0433195067595347,2.27706112252731,0.498086304096447,0.075055835443021,760204.585560574,0,0.157093738021459,0.145903924998079,0.200294381804099,0.105333534108609,7210993.61728321,0,0.140033006668091,588.248532056809,2,979,1,3,1958,TRUE,TRUE,2
3_990_2,0.878359788660907,0.57076498319498,0.0366856784487874,2.90307195850593,0.829249730220321,0.0368653598023403,1.47126514423702,0.608858864625372,0.203572512031945,0.875142265041024,0.405679163655915,0.122729388237869,2.24197670895168,0.864298976478834,0.163800263546592,1.31964650269409,0.394282197450085,0.0797829776650548,2.58670944380671,0.38020824736438,0.0101968491679452,11049.9614266411,0,0.102340283792128,0.25354267702597,0.657341433915728,0.00143252034361252,7210993.61728321,0,0.116904973983765,595.244663953781,2,990,0,3,1980,TRUE,TRUE,1
3_991_2,0.58531515019577,0.939576507614897,0.177498332178052,0.971352914144567,0.710384399389819,0.103183381508381,0.93074452053158,0.5598944178793,0.278946915639062,0.929544649202174,0.805854927844537,0.0309146846676474,2.71718940645021,0.971645110880471,0.0232378630173286,2.33637920131559,0.956631689648576,0.336732852684222,2.04023988550531,0.318829898861175,0.0796756905898993,29966.5784072348,0,0.102981584892519,0.22418677714653,0.653033534518604,0.00405608511645232,7210993.61728321,0,0.133965015411377,595.797987937927,2,991,0,3,1982,TRUE,TRUE,1
4_1000_1,0.716579477948186,0.899235796056129,0.0568113362836504,2.58287627070635,0.898468204076211,0.0618276605864731,1.739401045429,0.755635225027907,0.00101394968945971,1.88020422760429,0.591386694587952,0.343096308140731,1.1201220537217,0.918082280437269,0.341420712842725,0.668578722490962,0.991140799602598,0.00450063549009299,1.86241449769213,0.89300375193994,0.0188242175191728,419951.328115567,0,0.143185288159226,0.178607512685433,0.335631251624016,0.0581434651341987,7210993.61728321,0,0.107561111450195,566.750515937805,1,1000,1,4,1999,TRUE,TRUE,2
4_614_2,0.7060842203765,0.473044099802733,0.239590868163564,2.98683713701166,0.906308085541635,0.122503774965383,0.646860947384169,0.561658943595591,0.173368361731075,1.06025052967703,0.407208115444054,0.383393167429045,0.587733942661838,0.602500183484882,0.343852168887979,0.539066953325406,0.978939887827988,0.00743042146613716,1.41544272568158,0.937785111469255,0.271361554729694,773524.016479215,0,0.158720278809705,0.143539583608283,0.183648425150199,0.107180819476191,7210993.61728321,0,0.10692310333252,332.136759996414,2,614,1,4,1228,TRUE,TRUE,2
4_659_2,0.588477116184881,0.493646066141952,0.323483068556278,2.77234869367919,0.90541534705111,0.0177015152877135,1.71754106292884,0.410982025730072,0.306739680981162,0.680076444044237,0.349655135780901,0.379081396602378,0.587733942661838,0.602500183484882,0.343852168887979,0.539066953325406,0.978939887827988,0.00743042146613716,1.41544272568158,0.937785111469255,0.271361554729694,773524.016479214,0,0.158913761478448,0.142091053489498,0.181656919662806,0.107180819476191,7210993.61728321,0,0.115739107131958,357.538214921951,2,659,1,4,1318,TRUE,TRUE,1
4_725_2,0.72905489239346,0.532266867498909,0.274316740215764,2.7318868842136,0.842836152048084,0.0396144572043784,1.22348439392025,0.800917734402018,0.094047058392211,1.48442541604985,0.457902198658558,0.367315452928056,1.32423140786779,0.454347849075674,0.293390677048479,0.516828736820356,0.949769586448534,0.0110317663010112,1.39674514807691,0.949796705793755,0.366735330851023,630933.572191224,0,0.15444477122852,0.149463448794049,0.227036798461551,0.0874048063042099,7210993.61728321,0,0.10877513885498,395.802501916885,2,725,1,4,1450,TRUE,TRUE,2
4_737_2,0.66311408203844,0.936467441260334,0.0943814418129123,2.7114105812934,0.980424925841709,0.00242725902944739,1.46582431492702,0.844500802455006,0.0226087771923143,1.05729352582541,0.680725470835594,0.24474345175263,0.963743564229566,0.663133904306648,0.224750396365169,0.743830872404122,0.587060369535764,0.0180604421121285,1.66776792759636,0.838726788437806,0.148861839382825,730005.789469526,0,0.156933020882343,0.146649100340353,0.201929846785266,0.101145232485336,7210993.61728321,0,0.108872890472412,402.517134904861,2,737,1,4,1474,TRUE,TRUE,3
4_756_2,0.523045002797011,0.966151255790233,0.102326923085822,2.91489066789557,0.996689403350569,0.00775587618988774,0.603096683091169,0.83600416170594,0.104713976847441,1.01089508163696,0.426065008494524,0.349717928507052,1.44472385596461,0.339667617752531,0.237618864392422,0.508517726147751,0.768309494158674,0.0125162964161847,1.41651415535524,0.993048918387436,0.0640968478035325,956534.269622289,0,0.162629064427709,0.139089294325316,0.142944933301026,0.132562696886261,7210993.61728321,0,0.181602001190186,413.656960010529,2,756,1,4,1512,TRUE,TRUE,1
4_779_2,0.742076638426845,0.774751595672347,0.183521306752767,2.83027239094302,0.878550663149573,0.120220615917925,0.763283697826307,0.494337663241841,0.149429547163998,0.909020185816027,0.421498920889871,0.327728351596653,1.47614534607802,0.424524511542864,0.297972511536145,0.544463370333774,0.940366701521319,0.0118700220080421,1.39485039089391,0.841405932075809,0.190293526927732,384322.361876192,0,0.141232678652719,0.181418157938588,0.353627618012724,0.0532020477119282,7210993.61728321,0,0.133919954299927,427.14152598381,2,779,1,4,1558,TRUE,TRUE,3
4_821_2,0.757567334709121,0.710694739115308,0.333757998555638,2.84627236511652,0.850695707078349,0.0471502455650335,2.05450399143134,0.670861267049253,0.307356470640993,0.780213360081711,0.753266419016893,0.277079712580654,1.26543838104911,0.829447045971631,0.105172584335424,0.679363709452366,0.818689741525249,0.0190869704884464,1.61292938986148,0.898109812021833,0.226356109165452,479297.093676904,0,0.147281187059758,0.166100642724569,0.2970782991879,0.0663741894811397,7210993.61728321,0,0.140837907791138,457.427630901337,2,821,1,4,1642,TRUE,TRUE,3
4_824_2,0.742076638426845,0.613261928524651,0.183521306752767,2.83027239094302,0.878550663149573,0.120220615917925,0.763283697826307,0.494337663241841,0.149429547163998,0.909020185816027,0.421498920889871,0.327728351596653,1.47614534607802,0.424524511542864,0.297972511536145,0.544463370333774,0.940366701521319,0.0118700220080421,1.39485039089391,0.841405932075809,0.190293526927732,384322.361876192,0,0.141241089135705,0.180715834505484,0.353550632065272,0.0532020477119282,7210993.61728321,0,0.141629934310913,459.691658973694,2,824,1,4,1648,TRUE,TRUE,2
4_836_2,0.829379426829356,0.550928439985008,0.398677439967136,2.76169562952552,0.813773753746315,0.0172558683126822,2.60543434496717,0.976502402685071,0.275724379917871,0.851514504888105,0.890944888893511,0.22768700275164,0.594034807049452,0.975372519636447,0.12593331553287,0.659248758144086,0.737875765783892,0.0178804324216329,1.74941016226969,0.898109812021833,0.226356109165452,479297.093676903,0,0.147609927351914,0.163573368997779,0.293936871819875,0.0663741894811397,7210993.61728321,0,0.121593952178955,469.01292181015,2,836,1,4,1672,TRUE,TRUE,3
4_839_2,0.742076638426845,0.774751595672347,0.183521306752767,2.83027239094302,0.878550663149573,0.120220615917925,0.835822457629791,0.700690103335738,0.0496423619237931,1.12757873966054,0.421498920889871,0.327728351596653,1.47614534607802,0.424524511542864,0.297972511536145,0.544463370333774,0.940366701521319,0.0118700220080421,1.39485039089391,0.841405932075809,0.190293526927732,384322.361876192,0,0.141224253135973,0.181120474722556,0.353704736976042,0.0532020477119282,7210993.61728321,0,0.132165193557739,470.98600101471,2,839,1,4,1678,TRUE,TRUE,2
4_854_2,0.742076638426845,0.774751595672347,0.183521306752767,2.83027239094302,0.878550663149573,0.120220615917925,0.835822457629791,0.700690103335738,0.0496423619237931,1.12757873966054,0.421498920889871,0.327728351596653,1.47614534607802,0.424524511542864,0.297972511536145,0.544463370333774,0.940366701521319,0.0118700220080421,1.78756457065409,0.489250829911236,0.149418315287499,384322.361876192,0,0.140944485399539,0.180336911570857,0.356262845266294,0.0532020477119282,7210993.61728321,0,0.114715099334717,481.923974990845,2,854,1,4,1708,TRUE,TRUE,1
4_868_1,0.74990788526203,0.483595153626857,0.29256566107594,2.79743694275876,0.898498444570393,0.125969848749864,0.664353934756323,0.454474494275088,0.0666116319366344,1.01473779095365,0.829737590523218,0.321365463017594,0.697216366709646,0.620041625655944,0.315244794614591,0.605191050284703,0.947859029625155,0.0141557771768294,2.01779218972917,0.507643959434287,0.043460106901332,424556.359459724,0,0.143428037825866,0.16868915703398,0.333376662432935,0.0587821415965253,7210993.61728321,0,0.134097814559937,491.618644952774,1,868,1,4,1735,TRUE,TRUE,3
4_883_1,0.775856610022948,0.780219246828947,0.0379742417317186,2.79743694275876,0.898498444570393,0.125969848749864,0.664353934756323,0.454474494275088,0.0666116319366344,1.01473779095365,0.829737590523218,0.321365463017594,0.697216366709646,0.620041625655944,0.315244794614591,0.605191050284703,0.947859029625155,0.0141557771768294,2.01779218972917,0.507643959434287,0.043460106901332,424556.359459724,0,0.143082644672233,0.174217531795294,0.336583426019486,0.0587821415965253,7210993.61728321,0,0.121735811233521,501.227744817734,1,883,1,4,1765,TRUE,TRUE,1
4_897_2,0.794553479332668,0.398208073441146,0.331121041463916,2.97548209530675,0.773472808607045,0.127485877631055,0.963836561881786,0.651065584411013,0.195012924472798,1.38534910039613,0.340975052551364,0.397115791137279,0.642599513197873,0.720785511202538,0.200929424119876,0.524136897526291,0.814850034795604,0.0143333098405643,1.45568245419944,0.899201004007263,0.397885571653278,488855.228349414,0,0.148572688484584,0.159677560111417,0.28469647731619,0.0676998168619015,7210993.61728321,0,0.135855913162231,509.01736497879,2,897,1,4,1794,TRUE,TRUE,3
4_928_1,0.532045308970867,0.880581155874381,0.147073177932736,2.79743694275876,0.898498444570393,0.125969848749864,0.664353934756323,0.454474494275088,0.0666116319366344,1.01473779095365,0.829737590523218,0.321365463017594,0.697216366709646,0.620041625655944,0.315244794614591,0.605191050284703,0.947859029625155,0.0141557771768294,2.01779218972917,0.507643959434287,0.043460106901332,424556.359459724,0,0.14331282049797,0.16854892552984,0.334447244043791,0.0587821415965253,7210993.61728321,0,0.103898048400879,526.15748000145,1,928,1,4,1855,TRUE,TRUE,2
4_935_1,1.00429995896654,0.927382340013374,0.0600025205804346,2.81565113403584,0.944541807321318,0.0490686516016411,1.84134216823723,0.917113674457494,0.251147149252716,1.28419024191543,0.682236065103347,0.352522056396261,2.36006600097913,0.403716834925248,0.296578479889362,0.62597210169971,0.888092196694374,0.0174892184470496,1.61275065374259,0.978374431992982,0.0690942433475463,525587.632439558,0,0.148695507244634,0.158966850085192,0.283513366144617,0.0727942711975516,7210993.61728321,0,0.103393077850342,529.91060090065,1,935,1,4,1869,TRUE,TRUE,3
4_936_1,0.664190396040387,0.47886032615943,0.277195497839026,2.773357476461,0.847475403418528,0.0110454622501265,1.73175247422519,0.8938399917314,0.398568292516946,0.959772748429245,0.571644591387365,0.220223295505761,0.680474768397172,0.377218194824675,0.246239794542488,0.505360459664026,0.802691413150648,0.012432515750606,1.77219498355197,0.877176941228254,0.106999055927204,534360.047080588,0,0.149750436393224,0.151777155697546,0.273310989031542,0.0740109262711601,7210993.61728321,0,0.114266872406006,530.509447813034,1,936,1,4,1871,TRUE,TRUE,1
4_943_1,0.53261836257345,0.743807627708835,0.0791903654096709,2.64808760503938,0.898498444570393,0.125969848749864,0.664353934756323,0.454474494275088,0.0666116319366344,1.01473779095365,0.829737590523218,0.321365463017594,0.697216366709646,0.620041625655944,0.315244794614591,0.605191050284703,0.947859029625155,0.0141557771768294,2.34519258175069,0.492017561597507,0.019915889013206,340083.440241035,0,0.137687283973411,0.190088632511765,0.385672345781219,0.0470665068533547,7210993.61728321,0,0.10037088394165,534.281629800797,1,943,1,4,1885,TRUE,TRUE,1
4_955_1,0.948616934428035,0.818308411661364,0.168932332685591,2.73941631716185,0.971767175625129,0.0395656063890611,1.55056307637659,0.941819684138568,0.109889433760095,0.998146616824019,0.672827484182832,0.25399448992979,2.8785715297539,0.400600947202968,0.275232729208775,0.662848994808243,0.843248358320088,0.0164217957167662,1.6626834225325,0.961300295982373,0.0639457003402872,486951.457906051,0,0.146945162704354,0.160406917913232,0.300282094193418,0.0674357810104644,7210993.61728321,0,0.106304168701172,540.91385102272,1,955,1,4,1909,TRUE,TRUE,2
4_958_1,0.532045308970867,0.880581155874381,0.147073177932736,2.79743694275876,0.898498444570393,0.065533201715551,1.29294051966105,0.571730109246655,0.136646198111953,0.937494928279746,0.573329633385224,0.391624192014911,1.41273337365481,0.405497287400034,0.310343659816201,0.776749782372233,0.980639189681396,0.00316703535343944,1.42321784843716,0.939045720024018,0.043460106901332,424556.359459724,0,0.143289629885444,0.178019661293062,0.334662623620135,0.0587821415965253,7210993.61728321,0,0.175803899765015,542.580911874771,1,958,1,4,1915,TRUE,TRUE,3
4_959_1,0.697651167470902,0.589960551373009,0.312009377007205,2.94137892640707,0.927659801116518,0.114288244201552,1.48922329658943,0.328900132353322,0.278676157048055,0.779154148108728,0.581507108794511,0.256635573862105,1.41090205218384,0.763223786911739,0.10848146853293,0.663344601254818,0.793304717732533,0.00227649362618276,1.77269358254198,0.610136076525468,0.162178850362024,700675.68777501,0,0.155997574600535,0.147731454782632,0.211415762885884,0.0970774109679642,7210993.61728321,0,0.107147932052612,543.104602813721,1,959,1,4,1917,TRUE,TRUE,2
4_966_1,0.7417122455298,0.32545834381394,0.292484829404396,2.80064001158074,0.847475403418528,0.0110454622501265,1.73175247422519,0.8938399917314,0.398568292516946,0.959772748429245,0.571644591387365,0.220223295505761,0.680474768397172,0.377218194824675,0.246239794542488,0.505360459664026,0.819927666801104,0.0220779687221113,1.51858608087794,0.891571116786309,0.295564432960207,364903.67954011,0,0.14082242482047,0.181496865977127,0.357377339472548,0.0505088509863099,7210993.61728321,0,0.116351127624512,546.884330034256,1,966,1,4,1931,TRUE,TRUE,2
4_988_1,0.532045308970867,0.880581155874381,0.147073177932736,2.79743694275876,0.898498444570393,0.065533201715551,1.29294051966105,0.443059162827011,0.137769170131616,1.34099473059842,0.60019738135399,0.366525190242602,1.12871004300926,0.410103913819983,0.369176792201561,0.542098911764804,0.980639189681396,0.00316703535343944,1.42321784843716,0.939045720024018,0.043460106901332,424556.359459724,0,0.143312708587995,0.16482189196854,0.334448283475747,0.0587821415965253,7210993.61728321,0,0.110245943069458,560.134981870651,1,988,1,4,1975,TRUE,TRUE,1
5_271_2,0.974125553738256,0.734307464555267,0.187298040665765,2.27988430552975,0.961361080030656,0.275501247979845,0.888575383620521,0.460561101208078,0.227306443473478,2.32417679756907,0.307175719512746,0.220969269345534,2.40206182894294,0.952838837736801,0.204157652349706,0.758213553796976,0.536229181852413,0.252224961276382,1.65141218043453,0.636572425366055,0.132493225058868,329183.601003552,0,0.136701445118391,0.220282935518726,0.394438005324299,0.0455547971072403,7210993.61728321,0,0.189277172088623,138.019153118134,2,271,1,5,542,TRUE,TRUE,2
5_331_1,1.56692592808123,0.392640764218924,0.112876441208767,2.62363670750452,0.888395643849409,0.0544142597821919,1.74632370021246,0.435587205202552,0.0665827606190891,0.561557093919284,0.751748424826313,0.0514369079903729,1.97837369753037,0.546901633219812,0.110062525537842,0.836691782072709,0.359529451982941,0.00237003085719311,2.50828524358681,0.512036462152813,0.195697417408882,384211.842667973,0,0.141369152650342,0.178841654583823,0.352377827324685,0.0531867196909769,7210993.61728321,0,0.106158971786499,173.006958007813,1,331,1,5,661,TRUE,TRUE,1
5_344_1,0.929602335962395,0.695766003847792,0.119449687892999,2.8660459601488,0.929267431076545,0.00888459674060158,1.77509530780525,0.490591297489173,0.0738048553625389,1.8543357332269,0.47532454580816,0.339657154108314,2.48660365397589,0.789443825606987,0.203487657108192,0.843419981305796,0.310025077473487,0.0658949639537811,2.45149285379762,0.382811186558438,0.394267658463027,1336575.10008298,0,0.169477587271997,0.143616910418012,0.0692416419732593,0.185270944669695,7210993.61728321,0,0.10130500793457,179.921105146408,1,344,1,5,687,TRUE,TRUE,3
5_359_1,0.929602335962395,0.695766003847792,0.119449687892999,2.8660459601488,0.929267431076545,0.00888459674060158,1.77509530780525,0.490591297489173,0.0738048553625389,1.8543357332269,0.47532454580816,0.109080957213961,2.08001968881948,0.595410071697247,0.128747551851912,0.838037421919326,0.34962857708105,0.0150750174765107,2.49692676562897,0.382811186558438,0.394267658463027,1336575.10008298,0,0.16959225098068,0.143135217050385,0.0679817667270194,0.185270944669695,7210993.61728321,0,0.104980945587158,188.274241924286,1,359,1,5,717,TRUE,TRUE,3
5_444_1,0.809284310405973,0.464537915364421,0.100846163208635,2.85967449120709,0.905752995428552,0.0550009160099165,1.69633447982294,0.310413830247465,0.183297575551701,1.61576562960431,0.634490270163353,0.0811497818793474,2.14503514032856,0.314571115210163,0.0937198329591471,0.953937508970511,0.333257667274044,0.0420142741660373,2.48438592176251,0.430024680338001,0.135664974370662,1350132.47096723,0,0.169358261946861,0.143732000818814,0.0705518322703513,0.187151230172158,7210993.61728321,0,0.130887031555176,237.388617038727,1,444,1,5,887,TRUE,TRUE,3
5_552_1,0.673563650312006,0.704272009371605,0.179275306787034,2.70040103414515,0.920488342043427,0.0620273676006887,1.5565203677326,0.478063698215372,0.132928931354638,2.04980689803026,0.322429021915633,0.236049847986552,1.43828580499827,0.968418724711743,0.257610805783701,0.624802505817242,0.545001278461919,0.0106108287599339,1.96665080641183,0.468549351902535,0.169539990502957,334989.108617301,0,0.113563443035323,0.221176536992419,0.578065088121413,0.0463599688395595,7210993.61728321,0,0.0953361988067627,300.428022146225,1,552,0,5,1103,TRUE,TRUE,2
5_566_2,0.64393702727796,0.931286328237579,0.132115115874888,2.96668274979558,0.996362965426421,0.0198585271431661,1.36086545632206,0.337254934797963,0.217421684995237,2.50903129884204,0.500780957909834,0.372947098522622,2.65250571942546,0.998017859547945,0.348048952854214,0.654741329457507,0.319973803884963,0.0959256091200575,2.45801697219508,0.391195386127707,0.288442823657814,1404043.72069557,0,0.170152838569254,0.136494044010465,0.0618100062041764,0.194628236012691,7210993.61728321,0,0.104303121566772,308.283178091049,2,566,1,5,1132,TRUE,TRUE,1
5_567_1,0.673563650312006,0.704272009371605,0.179275306787034,2.70040103414515,0.920488342043427,0.0620273676006887,1.5565203677326,0.478063698215372,0.132928931354638,2.04980689803026,0.322429021915633,0.236049847986552,1.43828580499827,0.968418724711743,0.331419721590753,0.624802505817242,0.545001278461919,0.0106108287599339,1.96665080641183,0.468549351902535,0.169539990502957,334989.108617301,0,0.113565199514192,0.221967910674748,0.578052035937217,0.0463599688395595,7210993.61728321,0,0.14293098449707,308.791865110397,1,567,0,5,1133,TRUE,TRUE,3
5_819_1,0.748835938534243,0.570769869081661,0.0729592348410003,2.64841423948157,0.827397615029532,0.282138543989952,1.24820362051932,0.529444169772888,0.223564450324782,0.985154012653671,0.338898211593692,0.388915183614292,1.95561574940199,0.908774365649092,0.299107761664294,0.766963175731388,0.305087972929851,0.0329594799776726,2.32425391622192,0.42716106155887,0.0427536982387435,16104.996270361,0,0.10225127101731,0.299550968442048,0.65793724475756,0.00213360824717723,7210993.61728321,0,0.115464925765991,455.866908073425,1,819,0,5,1637,TRUE,TRUE,2
5_825_2,1.08849693875726,0.309520931193487,0.10220398021126,2.70691308716785,0.963536826424818,0.0335657795491419,1.72990706859927,0.410712380375938,0.177432133690345,0.826490450834386,0.78879765012904,0.181625605252106,0.766214686976133,0.398740806661755,0.0311572905583449,0.878549913020811,0.389531632553908,0.00702217716749161,2.80176773939165,0.457197486440929,0.0877235840198205,479616.113843625,0,0.146665344645546,0.158383544202587,0.302944410991665,0.0664184347112511,7210993.61728321,0,0.0944039821624756,459.007158041,2,825,1,5,1650,TRUE,TRUE,1
5_840_2,1.08849693875726,0.309520931193487,0.10220398021126,2.70691308716785,0.963536826424818,0.0335657795491419,1.72990706859927,0.410712380375938,0.177432133690345,0.826490450834386,0.78879765012904,0.181625605252106,0.766214686976133,0.496119274381038,0.152259134308546,0.820651658116681,0.34760418327773,0.00702217716749161,2.80176773939165,0.457197486440929,0.0877235840198205,479616.113843625,0,0.146673911622439,0.154431851592821,0.302862976164008,0.0664184347112511,7210993.61728321,0,0.132006883621216,468.115217924118,2,840,1,5,1680,TRUE,TRUE,1
5_879_1,0.569808324077295,0.779769019392199,0.0495634385447927,2.7653978894328,0.836325148307475,0.207301522635916,1.12580114003261,0.718043064292311,0.0831855405907751,1.11891048389025,0.41672578387276,0.350226105878929,2.94975865330215,0.683128785194849,0.316634042461738,1.46886220299117,0.362466954769394,0.0537093222258174,2.32425391622192,0.42716106155887,0.0427536982387435,16104.996270361,0,0.102282524577449,0.281954136995849,0.657728106766158,0.00213360824717723,7210993.61728321,0,0.109055042266846,492.304713010788,1,879,0,5,1757,TRUE,TRUE,3
5_909_1,0.569808324077295,0.779769019392199,0.0495634385447927,2.7653978894328,0.836325148307475,0.207301522635916,1.12580114003261,0.848046272931956,0.0833547218268482,1.10875176240511,0.678213188093884,0.279987183729347,2.63868529437832,0.808573236173043,0.330775656207562,2.33874865379666,0.590551251760947,0.267922376930038,1.33388831269711,0.42716106155887,0.0427536982387435,16104.996270361,0,0.102361476497157,0.279351691819308,0.65719950322053,0.00213360824717723,7210993.61728321,0,0.1164710521698,509.153772115707,1,909,0,5,1817,TRUE,TRUE,3
5_914_2,1.08605534158132,0.587455596490739,0.106171771024408,2.79668917045118,0.912229765928888,0.109409420260886,1.60966527307807,0.429975561338809,0.175988259192826,0.623909241792837,0.796626502539117,0.0217547736225071,2.66696872152259,0.955600529888165,0.23776401086933,0.80277569676911,0.345242215313469,0.0384239489950283,2.22711464402509,0.462769382570025,0.057748722680257,385122.175461078,0,0.140404685411931,0.185938184738823,0.361184270699556,0.0533129746682808,7210993.61728321,0,0.155452013015747,512.314577102661,2,914,1,5,1828,TRUE,TRUE,3
5_976_2,0.549854570156887,0.681959682824752,0.122648274822692,2.90899639671976,0.969495928589734,0.0247269158386754,1.61225300379496,0.376423887263633,0.175005214838589,0.987511937450839,0.733580792808147,0.3001782551473,2.5763982930683,0.780468003068333,0.233525691367212,0.871777950999676,0.40111333374405,0.00238832329179501,2.34862010654478,0.526462406126104,0.096202190866013,727088.153052243,0,0.156618363357375,0.146315616953558,0.205126969044425,0.100740582534862,7210993.61728321,0,0.197924852371216,542.277869939804,2,976,1,5,1952,TRUE,TRUE,2
5_977_1,0.768699555322445,0.693663534315968,0.136004215002282,2.96703597493434,0.946975552057613,0.0429708266489465,2.13903180570392,0.777083198385571,0.377044053453348,1.29570688986354,0.442199212740367,0.213175133117972,2.35032185055702,0.955502723581417,0.227045426299929,0.977897338456399,0.536903882604048,0.216946284418781,2.16979024688053,0.476266687595133,0.261454603934376,331290.600964029,0,0.113958655799052,0.219021036492708,0.57512322198847,0.045847019066291,7210993.61728321,0,0.0756449699401856,542.700840950012,1,977,0,5,1953,TRUE,TRUE,1
5_992_2,1.15808357932891,0.656732711266324,0.130335066693304,2.90229200550081,0.962537064407899,0.0342685702340926,2.1217693577102,0.356099176309461,0.204601163288083,1.38851743848023,0.448361496420352,0.223160644240774,2.5153467513063,0.872797246676644,0.275376373704507,0.731601575864725,0.423564044801883,0.0124646172379209,2.45750565967643,0.467891252822772,0.263722967140909,633984.955896873,0,0.153707848013427,0.146359170301829,0.234395488350597,0.0878280058016027,7210993.61728321,0,0.124529123306274,549.016394138336,2,992,1,5,1984,TRUE,TRUE,1
