solID,DT_costo_alphas,DT_costo_gammas,DT_costo_thetas,Google.Search_alphas,Google.Search_gammas,Google.Search_thetas,programmatic_behavioural_investments_alphas,programmatic_behavioural_investments_gammas,programmatic_behavioural_investments_thetas,programmatic_sociodemo_investments_alphas,programmatic_sociodemo_investments_gammas,programmatic_sociodemo_investments_thetas,PTcosto_alphas,PTcosto_gammas,PTcosto_thetas,reservation_social_display_investments_alphas,reservation_social_display_investments_gammas,reservation_social_display_investments_thetas,reservation_social_video_investments_alphas,reservation_social_video_investments_gammas,reservation_social_video_investments_thetas,lambda,mape,nrmse,decomp.rssd,rsq_train,lambda_hp,lambda_max,pos,Elapsed,ElapsedAccum,iterPar,iterNG,df.int,trial,iterations,coef0,mape.qt10,robynPareto
1_1000_1,1.99133451220217,0.532865018897122,0.344979515831815,2.94667525356412,0.857936140198155,0.0610967851781271,1.78968247267221,0.657576498853268,0.371015002374279,0.539617464139151,0.417178534598104,0.117742662290174,1.72405825103545,0.544897607282265,0.969501289874258,0.812760871467378,0.363022158716246,0.264260761617725,0.791381035840468,0.335458683557886,0.097112007740105,368360.395673573,0,0.12203142569957,0.389209823582398,0.512795007851161,0.0509882664487451,7210993.61728321,0,0.0280351638793945,144.295519828796,1,1000,0,1,1999,TRUE,TRUE,1
1_354_1,1.7871710452909,0.359975146943486,0.54730546295721,2.97221793526191,0.886511958021571,0.0767003306485839,1.90746645734291,0.97461776393243,0.22724980932541,1.98674674631731,0.394599153220895,0.0131348540738622,2.57411723570065,0.414969233512095,0.511916024566582,0.87386615572852,0.460253850348065,0.0530832510182927,0.649700455065214,0.563398135070992,0.00143442466955518,466160.933113372,0,0.152891028514942,0.313128926618567,0.242510871987879,0.0645523220647721,7210993.61728321,0,0.0249857902526855,50.2887728214264,1,354,1,1,707,TRUE,TRUE,3
1_434_1,2.8804407648954,0.322517430924686,0.389876624424015,2.98621494910858,0.990792234954375,0.105547454890554,2.28867607821207,0.693012300584226,0.163282666466046,2.12806346819852,0.491313423989334,0.185115212541409,1.13981192265488,0.415094787978847,0.96293499830206,1.54837198293111,0.675911959296864,0.194211341652687,2.32692843863858,0.516351448846514,0.126645407462768,36851.1248086822,0,0.107529052114917,0.590612992778595,0.621714239185466,0.00501090983137612,7210993.61728321,0,0.0282680988311768,61.0461339950562,1,434,0,1,867,TRUE,TRUE,1
1_479_1,2.8804407648954,0.322517430924686,0.389876624424015,2.92443113516253,0.953520779427831,0.00323890099764578,1.75315942252834,0.664140864122985,0.000392454867260295,2.84547693059206,0.33445844624455,0.222109404893646,1.0135836402353,0.415094787978847,0.96293499830206,1.54837198293111,0.675911959296864,0.194211341652687,2.32692843863858,0.516351448846514,0.126645407462768,36851.1248086822,0,0.107676538478319,0.588144932019777,0.620675817435934,0.00501090983137612,7210993.61728321,0,0.0269958972930908,67.2470059394837,1,479,0,1,957,TRUE,TRUE,1
1_494_1,2.8804407648954,0.322517430924686,0.389876624424015,2.92443113516253,0.953520779427831,0.00323890099764578,1.75315942252834,0.664140864122985,0.000392454867260295,2.84547693059206,0.33445844624455,0.275215521352759,2.12514577634897,0.415094787978847,0.96293499830206,1.54837198293111,0.675911959296864,0.194211341652687,2.32692843863858,0.516351448846514,0.126645407462768,36851.1248086822,0,0.107681278558772,0.587551510428755,0.620642419877948,0.00501090983137612,7210993.61728321,0,0.0259981155395508,69.3548400402069,1,494,0,1,987,TRUE,TRUE,1
1_509_1,2.8804407648954,0.322517430924686,0.414191861701745,2.91087225702071,0.984807614710008,0.0533805750075101,2.08298062619547,0.58612008767936,0.0841678362128652,2.87801127550209,0.371033509721138,0.304425725681415,2.21192949414767,0.334551233866489,0.96293499830206,1.54837198293111,0.675911959296864,0.194211341652687,2.32692843863858,0.516351448846514,0.126645407462768,36851.1248086822,0,0.10759260312579,0.591814819176293,0.621266963846818,0.00501090983137612,7210993.61728321,0,0.0279970169067383,71.5039558410645,1,509,0,1,1017,TRUE,TRUE,2
1_524_1,2.21124726088996,0.665805488752213,0.35671908251046,2.79246259177869,0.928257835185605,0.0730178627606921,1.67418241492428,0.746929287953073,0.104959188197104,2.49878852556678,0.305675053971521,0.304425725681415,2.21192949414767,0.334551233866489,0.96293499830206,1.54837198293111,0.675911959296864,0.194211341652687,2.32692843863858,0.516351448846514,0.126645407462768,36851.1248086822,0,0.107504796749507,0.598333720504717,0.621884880036877,0.00501090983137612,7210993.61728321,0,0.0316669940948486,73.6102709770203,1,524,0,1,1047,TRUE,TRUE,1
1_554_1,2.8804407648954,0.322517430924686,0.414191861701745,2.91087225702071,0.984807614710008,0.0533805750075101,1.19000532069851,0.630601955030205,0.154822167619622,2.87801127550209,0.371033509721137,0.304425725681415,2.21192949414767,0.334551233866489,0.96293499830206,1.54837198293111,0.675911959296864,0.194211341652687,2.32692843863858,0.516351448846514,0.126645407462768,36851.1248086822,0,0.10759260312579,0.59181481917629,0.621266963846818,0.00501090983137612,7210993.61728321,0,0.028965950012207,77.8902168273926,1,554,0,1,1107,TRUE,TRUE,2
1_569_1,2.8804407648954,0.322517430924686,0.414191861701745,2.91087225702071,0.952326537141894,0.129370510391772,2.36083476530278,0.846910175527943,0.0841678362128652,2.87801127550209,0.371033509721137,0.304425725681415,2.21192949414767,0.334551233866489,0.96293499830206,1.54837198293111,0.675911959296864,0.194211341652687,2.32692843863858,0.516351448846514,0.126645407462768,36851.1248086822,0,0.107421783639341,0.607030953255482,0.622468600842996,0.00501090983137612,7210993.61728321,0,0.0303678512573242,80.0470628738403,1,569,0,1,1137,TRUE,TRUE,2
1_577_1,1.60098024137132,0.480620466105288,0.306050082271982,2.90714037970658,0.992859885487135,0.17626733230954,1.53449671466602,0.649170286047797,0.0232270396526347,1.87205604088086,0.386028348773689,0.239533665162436,0.83388720201829,0.517335462336936,0.95678800067199,2.06206407353666,0.916387718613431,0.133994570713013,1.82886107952738,0.494948924288948,0.2262101638199,278943.722460197,0,0.11732641729035,0.442534779042153,0.549639826710851,0.0385869774556971,7210993.61728321,0,0.0294840335845947,81.208065032959,1,577,0,1,1153,TRUE,TRUE,2
1_607_1,0.930294337800044,0.797355877412269,0.392283846354285,2.79206495985362,0.992859885487135,0.17626733230954,1.53449671466602,0.649170286047797,0.0232270396526347,1.87205604088086,0.324420164032908,0.186262133117567,0.660069850040233,0.768920435991328,0.95706697781486,2.26392603237792,0.832298100712251,0.0333940842854153,1.8672347734652,0.875268424565235,0.364752381335995,271856.093834341,0,0.116821170266602,0.458651428490453,0.553510279823859,0.0376039870613342,7210993.61728321,0,0.0289990901947022,85.6853199005127,1,607,0,1,1213,TRUE,TRUE,2
1_764_2,1.12698859818716,0.682918981014409,0.356096167866337,2.79509088800714,0.962549838670908,0.0614409489408031,1.17274765770903,0.812917764261383,0.0856308236143629,2.09076742896005,0.321369815866178,0.113542231797626,2.46553865476123,0.574457671834194,0.293640333204645,2.64978324304464,0.635250053587321,0.0313883348562572,0.655436252117811,0.308640923064353,0.0412015635372599,596515.404031612,0,0.157388147252946,0.293343234913586,0.197294117897302,0.0826313156942415,7210993.61728321,0,0.0349998474121094,109.709555864334,2,764,1,1,1528,TRUE,TRUE,3
1_788_2,2.20000026612947,0.384946669316244,0.459977993656908,2.98646421509001,0.939762316910106,0.00156423307182039,1.27914494806393,0.932004324695506,0.188689230488114,1.49219285194287,0.365154173911845,0.0585302723644977,1.58588090125771,0.331194203790508,0.383598657995657,2.91385138630873,0.791211365748417,0.264640188044361,0.566244508678323,0.378878479245846,0.0876006991005128,642585.114234481,0,0.159387121921913,0.288592695815714,0.176774420172907,0.0890207704739826,7210993.61728321,0,0.0253641605377197,113.278450012207,2,788,1,1,1576,TRUE,TRUE,3
1_815_1,2.91751597817717,0.43350073197269,0.334266866310384,2.95153357904363,0.947180010644559,0.0992372493184929,2.92075236910839,0.473477462021993,0.310844455338913,1.70773655908566,0.55356686354975,0.333359594555669,2.02765558501396,0.413854143493144,0.978221870373958,0.594747991937943,0.478966022843377,0.15506877434541,0.798531373470891,0.314468330572318,0.0102976494845198,1012891.3719101,0,0.168537287311928,0.257078820632919,0.0795411061005161,0.14037892049608,7210993.61728321,0,0.0287070274353027,117.389174938202,1,815,1,1,1629,TRUE,TRUE,1
1_877_2,1.77815712979362,0.560232443706154,0.479160863513069,2.86249906363704,0.935487986996676,0.0246917331889954,1.3334985767504,0.540944734303541,0.249394163315969,2.516337277209,0.437082779480903,0.251198505454794,2.93174546381561,0.469893378422288,0.273976112259516,2.65468703969633,0.575731921402069,0.135563944530456,1.06616763955254,0.342139594457428,0.0469782113143397,856434.686244807,0,0.165024921006339,0.278663849434435,0.117506598960145,0.118679784260048,7210993.61728321,0,0.0272908210754395,126.268803834915,2,877,1,1,1754,TRUE,TRUE,3
1_881_1,1.64210167202642,0.554896456416006,0.402416593020618,2.89114492678224,0.961319713947508,0.0242271023609297,2.74428851436152,0.811303736729152,0.356540079549009,2.72742196519093,0.412075808096119,0.222744104182864,2.18505874243528,0.342054444113716,0.967359617639102,0.542907811607389,0.3758974148779,0.280363426578758,0.634934420836649,0.308596746865333,0.0657281633542229,718998.293371296,0,0.162400793629542,0.260216158683062,0.145349218678178,0.0996185917001409,7210993.61728321,0,0.0265579223632813,126.787894964218,1,881,1,1,1761,TRUE,TRUE,1
1_887_2,2.96427720688588,0.345612572874175,0.310108674058709,2.98483866751378,0.938115201878844,0.104658891278862,1.31322210979538,0.708203915898733,0.3199413380369,1.39904156705307,0.366925842478116,0.155497145676836,2.80148592803149,0.79271939286424,0.101389988727576,2.27662924566725,0.711576156938691,0.214676861129644,2.78339369936516,0.536994767355963,0.220624361156962,32867.5436456386,0,0.107176041586912,0.714735691376902,0.62419393474813,0.00445842292423881,7210993.61728321,0,0.0252439975738525,127.623519897461,2,887,0,1,1774,TRUE,TRUE,3
1_895_1,1.92426535860978,0.514388905337531,0.344979515831815,2.83459279629233,0.958200453768122,0.0466688301777487,2.35565545402842,0.776016738589631,0.28553060027987,2.65425506695919,0.399068589571856,0.220936304570242,1.92678904587451,0.404875522363375,0.969501289874258,0.812760871467378,0.363022158716247,0.264260761617725,0.791381035840469,0.335458683557886,0.0219288447847497,371547.260604009,0,0.122374162157359,0.403780079064648,0.510054444825117,0.0514302559744551,7210993.61728321,0,0.034041166305542,128.750494003296,1,895,0,1,1789,TRUE,TRUE,3
1_910_1,1.92426535860978,0.514388905337531,0.344979515831815,2.83459279629233,0.958200453768122,0.0466688301777487,2.35565545402842,0.776016738589631,0.28553060027987,2.65425506695919,0.399068589571856,0.220936304570242,1.93550692673925,0.429978381715005,0.969501289874258,0.812760871467378,0.363022158716246,0.264260761617725,0.791381035840469,0.335458683557886,0.0219288447847497,371547.260604009,0,0.122374777532431,0.402590604319366,0.510049517297379,0.0514302559744551,7210993.61728321,0,0.0500011444091797,130.908854007721,1,910,0,1,1819,TRUE,TRUE,3
1_925_1,1.99133451220217,0.532865018897122,0.344979515831815,2.83459279629233,0.958200453768122,0.0466688301777487,2.35565545402842,0.776016738589631,0.28553060027987,2.65425506695919,0.399068589571856,0.220936304570242,1.93550692673925,0.429978381715005,0.969501289874258,0.812760871467378,0.363022158716246,0.264260761617725,0.791381035840468,0.335458683557886,0.097112007740105,368360.395673574,0,0.122224938342529,0.400361942588359,0.511248601617334,0.0509882664487452,7210993.61728321,0,0.0489311218261719,133.129889965057,1,925,0,1,1849,TRUE,TRUE,2
1_940_1,1.99133451220217,0.532865018897122,0.344979515831815,2.83459279629233,0.965285760420296,0.0592100566044408,1.86275360847812,0.989777918992322,0.293016212249439,0.830318580331836,0.435555576286776,0.164984579132547,1.72405825103545,0.544897607282265,0.969501289874258,0.812760871467378,0.363022158716246,0.264260761617725,0.791381035840468,0.335458683557886,0.097112007740105,368360.395673573,0,0.122163088241127,0.377864539761965,0.511743127127616,0.0509882664487451,7210993.61728321,0,0.0289969444274902,135.25986790657,1,940,0,1,1879,TRUE,TRUE,1
1_963_1,2.82322137363365,0.51098905887877,0.310481769211924,2.89567270963164,0.933754924549813,0.059785901451223,0.710781833584365,0.656846280967651,0.331336236438232,1.21947240417775,0.33816274119332,0.0633232221143604,0.575589798081643,0.947016673096643,0.947213371783303,1.88427934089801,0.930086978174126,0.0547931322957881,2.47150739214323,0.933606801213562,0.196038890250055,81512.2537683144,0,0.108648337065481,0.530000128816596,0.61379799301019,0.0112050070515054,7210993.61728321,0,0.0310790538787842,138.931823015213,1,963,0,1,1925,TRUE,TRUE,2
1_970_1,1.99133451220217,0.532865018897122,0.344979515831815,2.94667525356412,0.857936140198155,0.0610967851781271,1.78968247267221,0.897163741848536,0.207158547814463,1.86644856119862,0.443475149420357,0.117742662290174,1.72405825103545,0.544897607282265,0.969501289874258,0.812760871467378,0.363022158716246,0.264260761617725,0.791381035840468,0.335458683557886,0.097112007740105,368360.395673573,0,0.122136607831982,0.405976176187777,0.511954776008773,0.0509882664487451,7210993.61728321,0,0.0279979705810547,139.925249814987,1,970,0,1,1939,TRUE,TRUE,2
1_978_1,2.82322137363365,0.51098905887877,0.310481769211924,2.89567270963164,0.933754924549813,0.059785901451223,0.710781833584365,0.656846280967651,0.331336236438232,1.21947240417775,0.33816274119332,0.0633232221143604,0.575589798081643,0.947016673096643,0.947213371783303,2.19718225504354,0.527086180969773,0.0503183622285338,2.76231015969269,0.627317683695416,0.311150404763425,81512.2537683144,0,0.108910471721029,0.515671348479578,0.611932174178003,0.0112050070515054,7210993.61728321,0,0.0279829502105713,141.129707813263,1,978,0,1,1955,TRUE,TRUE,1
1_986_2,2.329749960711,0.480034171375884,0.397363924731113,2.97146544400833,0.841813407390197,0.117566771180579,1.29521727659518,0.827277539801626,0.0118966321746072,2.92647354246473,0.308835762835852,0.284810066018919,0.960061432611686,0.522531786138799,0.950264137990531,1.73832791304744,0.625595775445718,0.356559111196497,0.622075366055812,0.487489473276,0.0358306360230739,644587.401529615,0,0.159417740662531,0.277460278094918,0.176458101623683,0.089298469727396,7210993.61728321,0,0.0268599987030029,142.263187885284,2,986,1,1,1972,TRUE,TRUE,2
1_989_1,0.789638815048373,0.826519782331348,0.301694911202876,2.58045444562089,0.996913782276651,0.00280711491999638,2.50023776128897,0.993648748674529,0.260034047060663,0.555833772916094,0.339779664192715,0.150848691921191,0.75951352416572,0.99580119367407,0.959182212429731,2.15376654007294,0.992432395645438,0.0446696083397011,2.53602387081672,0.743468555313188,0.303294712032753,228515.020250471,0,0.114910050045745,0.472217923128671,0.56799936333431,0.0315929696585739,7210993.61728321,0,0.0269219875335693,142.681805849075,1,989,0,1,1977,TRUE,TRUE,2
1_993_1,2.81321852474712,0.475244481015856,0.339808179998182,2.81225661433141,0.996208774741013,0.0723133997420146,1.76439769440324,0.547426121783858,0.361450898476938,1.21947240417775,0.33816274119332,0.0633232221143604,0.575589798081643,0.947016673096643,0.947213371783303,1.88427934089801,0.930086978174126,0.054793132295788,2.47150739214323,0.681668687417461,0.386054721252503,8730.4369248593,0,0.106754654550731,0.617732250537316,0.627143259762248,0.00111082314062657,7210993.61728321,0,0.0289680957794189,143.264462947845,1,993,0,1,1985,TRUE,TRUE,1
1_993_2,2.96643042064823,0.719004145814061,0.358658579453191,2.99242679590172,0.842436182215837,0.0203622141810142,1.22916382849234,0.695842153894855,0.364495633748741,1.25054053407479,0.42612418422883,0.327218473136445,2.76956212032555,0.958910413321411,0.156046530100739,1.73817021452993,0.832452132144196,0.15183019583974,2.7690388962368,0.675487725755419,0.202500406569984,16378.9220586705,0,0.107114951383988,0.753283592903797,0.624622230576413,0.00217159929226307,7210993.61728321,0,0.0276269912719727,143.292089939117,2,993,0,1,1986,TRUE,TRUE,3
2_524_2,1.89397831613572,0.706569803802003,0.442889382176347,2.7682381605022,0.998789740810367,0.0269343481066641,1.39538495841497,0.521668133138075,0.370203782032072,2.12318850633356,0.572244452454093,0.367054887463783,1.74806852943496,0.889660464255685,0.22286109966139,0.562045518078746,0.360865982387225,0.373384511966385,0.576541587847413,0.329235072299632,0.0380135456344169,598537.9958398,0,0.158157114721798,0.27820968942774,0.189431230969344,0.0829118310011402,7210993.61728321,0,0.0353209972381592,97.2573189735413,2,524,1,2,1048,TRUE,TRUE,1
2_554_2,1.89397831613572,0.706569803802003,0.442889382176347,2.7682381605022,0.998789740810367,0.0269343481066641,1.39538495841497,0.521668133138075,0.370203782032072,2.12318850633356,0.982800051199465,0.279438278618366,1.46739905433568,0.718016065229818,0.200056600072541,1.20901820556745,0.396836867335118,0.373384511966385,0.576541587847413,0.329235072299632,0.0380135456344168,598537.9958398,0,0.158194836407313,0.29110488911585,0.189044531116408,0.0829118310011402,7210993.61728321,0,0.053184986114502,104.271289825439,2,554,1,2,1108,TRUE,TRUE,3
2_569_2,1.89397831613572,0.706569803802003,0.442889382176347,2.7682381605022,0.998789740810367,0.0269343481066641,1.39538495841497,0.521668133138075,0.370203782032072,2.12318850633356,0.407468204454545,0.288340327308917,2.53478337091943,0.889660464255685,0.22286109966139,0.562045518078746,0.360865982387225,0.373384511966385,0.576541587847413,0.329235072299632,0.0380135456344168,598537.9958398,0,0.157843884083426,0.280099288603661,0.192638719339852,0.0829118310011402,7210993.61728321,0,0.0479528903961182,107.578862905502,2,569,1,2,1138,TRUE,TRUE,1
2_733_2,2.52503568927439,0.538174838238651,0.389579173793017,2.90671923088481,0.968430009033347,0.108542574346334,0.746265011107444,0.74873295351291,0.246876128749532,1.38313622490187,0.481319273788925,0.0804764073265946,1.13589930067528,0.896799211886634,0.129542926167132,2.22315903596589,0.496286416278506,0.238359946007304,0.892021010837013,0.307047433699773,0.0021701535536874,974030.471161896,0,0.167399010232852,0.268996381450907,0.0919324189421239,0.134989262802614,7210993.61728321,0,0.0370349884033203,148.655658960342,2,733,1,2,1466,TRUE,TRUE,3
2_763_2,2.54290045385764,0.686185525759436,0.342926642825009,2.90117148367017,0.962972088304211,0.0988030271902742,0.701506006766942,0.537848220662816,0.226017912437797,2.48960116801552,0.363834752557478,0.0322042383277084,1.09085412203223,0.971625997754113,0.129542926167132,2.22315903596589,0.496286416278506,0.238359946007304,0.892021010837013,0.415335719078254,0.000969904190237199,1014139.16320723,0,0.16800898198373,0.267362717041986,0.0853026937213995,0.140551977935176,7210993.61728321,0,0.056074857711792,155.041516780853,2,763,1,2,1526,TRUE,TRUE,3
2_765_1,2.49408181076806,0.30303480579797,0.336354532199071,2.904044696223,0.962975904171733,0.0160281528098752,1.43227377824448,0.971795615445341,0.231792768461493,2.74301115904588,0.311393912262142,0.159871946316141,2.6747220888911,0.522837995458075,0.125681400460564,2.6341342835775,0.508111708388802,0.283248956555838,0.698457373693051,0.714974711022721,0.0202686176899794,482413.947182335,0,0.152926502475214,0.306976661801455,0.242159324132769,0.0668064690513897,7210993.61728321,0,0.0659987926483154,155.637041807175,1,765,1,2,1529,TRUE,TRUE,3
2_780_1,2.2281720120641,0.318060283422336,0.336354532199071,2.904044696223,0.962975904171733,0.0160281528098752,1.43227377824448,0.971795615445341,0.231792768461493,2.74301115904588,0.311393912262142,0.159871946316141,2.6747220888911,0.522837995458075,0.125681400460564,2.6341342835775,0.508111708388802,0.283248956555838,0.698457373693051,0.714974711022721,0.0202686176899794,482413.947182335,0,0.152912728372149,0.304892522430675,0.242295835532763,0.0668064690513897,7210993.61728321,0,0.0319089889526367,159.901069879532,1,780,1,2,1559,TRUE,TRUE,2
2_782_1,1.68977229602966,0.324354175696653,0.331247875875433,2.99756134934171,0.863854727290683,0.0459314525810275,0.660516888258329,0.77699140042748,0.0598037898368173,2.30128364056945,0.462767730212019,0.36614198615135,2.98462895840476,0.763226102336173,0.133085004975127,2.88689363115941,0.967328447807611,0.132598646143949,1.37829796778402,0.91925330348003,0.108341816292848,51548.5779481969,0,0.107130187868421,0.701590267277015,0.624515432333127,0.00704931449680083,7210993.61728321,0,0.0291748046875,160.205233812332,1,782,0,2,1563,TRUE,TRUE,2
2_791_1,2.73342152001288,0.612339004269048,0.300306130327997,2.96190399671989,0.944709698061149,0.035814643737472,2.52489167550539,0.842602384261384,0.018275642743589,1.7894780734643,0.429127038377127,0.302139741631361,2.42326631057423,0.983382765543779,0.13154601173002,2.44872789719773,0.884411372399684,0.303144452052945,2.13360427507415,0.785846257348163,0.0578061948943699,86577.8251817808,0,0.108999201933768,0.577283259264667,0.611299592815458,0.0119075562826025,7210993.61728321,0,0.0364890098571777,161.659417867661,1,791,0,2,1581,TRUE,TRUE,3
2_793_2,2.52503568927439,0.538174838238651,0.389579173793017,2.90671923088481,0.968430009033347,0.108542574346334,0.746265011107444,0.669912119075294,0.189443954570751,1.04958023785095,0.457852251917649,0.210028990769788,1.0088479615557,0.938814026263342,0.194095110038436,2.42206910546441,0.581740201324476,0.238359946007304,0.892021010837013,0.307047433699773,0.00217015355368737,974030.471161895,0,0.167325965956073,0.276196810071411,0.0927247135719205,0.134989262802614,7210993.61728321,0,0.0342841148376465,162.008214950562,2,793,1,2,1586,TRUE,TRUE,3
2_797_1,1.68977229602966,0.324354175696653,0.331247875875433,2.99756134934171,0.863854727290683,0.0459314525810274,0.660516888258329,0.77699140042748,0.0598037898368173,2.30128364056945,0.462767730212019,0.36614198615135,2.98462895840476,0.928996441565386,0.127095589155313,2.63487268220805,0.945822834048027,0.109592950818137,2.60564353242417,0.656544993515419,0.108341816292848,51548.5779481969,0,0.107220874177214,0.703927520830638,0.623879463659104,0.00704931449680083,7210993.61728321,0,0.03684401512146,162.620916843414,1,797,0,2,1593,TRUE,TRUE,3
2_815_2,1.86675589606116,0.613450926991499,0.515914950580027,2.96497064502293,0.935948833279049,0.0318908128512325,1.64699052113593,0.693053325202925,0.306333340441791,2.19820635180702,0.39701077530012,0.249865208634035,2.58828733328115,0.486345866749381,0.2230320993227,2.68438224522503,0.587015561788964,0.278698327122693,0.627841152431083,0.426518461405136,0.0893127237471422,1558263.2262371,0,0.17498945074798,0.256714842512419,0.00771566450149119,0.216017095470944,7210993.61728321,0,0.0279121398925781,165.680552005768,2,815,1,2,1630,TRUE,TRUE,3
2_823_2,2.52503568927439,0.538174838238651,0.389579173793017,2.90671923088481,0.968430009033347,0.108542574346334,0.746265011107444,0.669912119075294,0.189443954570751,1.04958023785095,0.527555840932659,0.200677878946344,1.0088479615557,0.938814026263342,0.194095110038436,2.42206910546441,0.581740201324476,0.238359946007304,0.892021010837013,0.307047433699773,0.00217015355368737,974030.471161895,0,0.167333023462282,0.275070400634935,0.0926481775009553,0.134989262802614,7210993.61728321,0,0.0304598808288574,166.798695802689,2,823,1,2,1646,TRUE,TRUE,3
2_824_2,1.83724096302139,0.751574209902143,0.486102986711135,2.77790948575809,0.974083131103377,0.0128617427204295,2.34900229936587,0.792513333837013,0.257172572177832,1.87699450628442,0.324225966476821,0.286772213613723,2.39916266555292,0.767603125744887,0.108767816770654,0.983179678403207,0.44785174724648,0.359471452443141,1.07124335298877,0.307184156646598,0.00180513885289703,461635.725602709,0,0.151841149137355,0.309533075196571,0.252878278309035,0.0639247164507797,7210993.61728321,0,0.0254950523376465,166.944165945053,2,824,1,2,1648,TRUE,TRUE,2
2_845_2,1.86675589606116,0.613450926991499,0.515914950580027,2.96497064502293,0.935948833279049,0.0318908128512325,1.64699052113593,0.693053325202925,0.306333340441791,1.75961069790123,0.453512667820555,0.312577274704419,2.98399512973775,0.460222200586581,0.2230320993227,2.68438224522503,0.587015561788964,0.278698327122693,0.627841152431083,0.426518461405136,0.0893127237471422,1558263.2262371,0,0.174969218278955,0.258533907760478,0.00794510920653835,0.216017095470944,7210993.61728321,0,0.0271828174591064,169.847567796707,2,845,1,2,1690,TRUE,TRUE,3
2_853_2,2.52503568927439,0.538174838238651,0.38495551802587,2.95370156807947,0.951526720909178,0.191894655086899,1.02406702352194,0.565059975156005,0.153008418202892,1.0704247470207,0.549543769524784,0.242211355786513,1.62228121955169,0.840170571070306,0.188912667720235,2.42206910546441,0.581740201324476,0.238359946007304,0.892021010837013,0.307047433699773,0.00217015355368737,974030.471161895,0,0.167135057022543,0.277745302703422,0.0947938263598167,0.134989262802614,7210993.61728321,0,0.0253589153289795,171.045880794525,2,853,1,2,1706,TRUE,TRUE,3
2_860_2,1.86675589606116,0.613450926991499,0.515914950580027,2.96497064502293,0.935948833279049,0.0318908128512325,1.64699052113593,0.693053325202925,0.306333340441791,2.19820635180702,0.39701077530012,0.249865208634035,2.58828733328115,0.486345866749381,0.2230320993227,2.68438224522503,0.587015561788964,0.278698327122693,0.627841152431083,0.42642924519846,0.0893127237471422,1558263.2262371,0,0.174989449808323,0.256714133843608,0.00771567515821048,0.216017095470944,7210993.61728321,0,0.0257010459899902,172.150897979736,2,860,1,2,1720,TRUE,TRUE,2
2_892_2,2.5847367394239,0.864523139046163,0.373287865676603,2.95306423409903,0.985851693657644,0.0354258219738225,1.00628975606862,0.64606717882946,0.398032816751895,2.05433642987607,0.45430026300189,0.276329042520062,2.79577478761982,0.466753747014958,0.222785183942562,2.06034625392873,0.831974959286,0.390845131520382,0.622013893600261,0.705839153295545,0.0299438398673016,664700.797028584,0,0.159549716694175,0.27179782599332,0.175093977649989,0.0920880169253661,7210993.61728321,0,0.0267961025238037,176.652837991714,2,892,1,2,1784,TRUE,TRUE,1
2_894_2,2.35851786539776,0.51380908136336,0.386837220450951,2.9840342368379,0.996015982497807,0.110953551201019,0.823049222198463,0.655017236752749,0.162227531818935,1.78192807120274,0.40792198311557,0.127711308781565,2.30615939383207,0.496851656299024,0.437039028068954,2.5577210359416,0.439472143228744,0.119308417466936,0.797114332233826,0.322474492548912,0.0188366781048823,472506.420694391,0,0.152412602894051,0.290500445766042,0.247244114959402,0.065432384165788,7210993.61728321,0,0.0259039402008057,176.924606800079,2,894,1,2,1788,TRUE,TRUE,1
2_910_2,2.20960832079139,0.53744300905912,0.503074333885355,2.93935602135808,0.993049974255506,0.00793356668211803,2.70046095676704,0.487740688546549,0.100263897573466,1.17597137749984,0.329701657044281,0.0495618631748482,2.53582189211999,0.457624113877828,0.142687688402966,2.96885823159659,0.324068143118949,0.279820085710793,0.602141130975965,0.558177523275003,0.0350806599179036,453498.620838627,0,0.151727626410314,0.291948545709547,0.253995018929703,0.0627961731476165,7210993.61728321,0,0.0272281169891357,179.264008998871,2,910,1,2,1820,TRUE,TRUE,1
2_914_1,2.80472832337763,0.481493088174526,0.36271236429886,2.66193533280733,0.952831431733621,0.0814538745044914,1.83184565285832,0.844008602992588,0.0714206994445955,1.52479207672941,0.335471096688276,0.264310197077083,2.70374797740543,0.872224333971205,0.153196324806479,2.74765031235371,0.61952812653732,0.292677389442068,1.65976564254977,0.925975883729958,0.0225744417610062,424694.152532054,0,0.149090242458877,0.362733953133241,0.279704267830903,0.0588012522573204,7210993.61728321,0,0.0473110675811768,179.804800987244,1,914,1,2,1827,TRUE,TRUE,1
2_920_2,1.69076262889818,0.919874967688809,0.524375351682221,2.80212623394371,0.962365042818268,0.00493162917330269,0.986545803704167,0.534700185872423,0.232376965712369,2.62184183432435,0.492074108351011,0.259480284988418,2.58828733328115,0.486345866749381,0.2230320993227,2.68438224522503,0.587015561788964,0.278698327122693,0.627841152431083,0.34968013914907,0.0952082422321785,1750268.54183432,0,0.176605759420855,0.253237803922243,-0.0106996717332415,0.24264650720538,7210993.61728321,0,0.026637077331543,180.689462900162,2,920,1,2,1840,TRUE,TRUE,2
2_922_2,2.42732209784302,0.745251874299367,0.364965925369043,2.95306423409903,0.985851693657644,0.0354258219738225,1.00628975606862,0.64606717882946,0.398032816751895,2.05433642987607,0.45430026300189,0.276329042520062,2.79577478761982,0.466753747014958,0.222785183942562,2.06034625392873,0.831974959286,0.390845131520382,0.622013893600261,0.705839153295545,0.0529736943480202,635696.127807475,0,0.158645814898097,0.276748573021508,0.184414231163069,0.088065329967416,7210993.61728321,0,0.0290489196777344,180.985341787338,2,922,1,2,1844,TRUE,TRUE,1
2_935_1,1.28514667079635,0.744489694797236,0.334321746502508,2.97088095239546,0.951529504218009,0.0576427579738377,1.59354282416128,0.545818802200527,0.277298167346113,1.97674594350123,0.372317043021507,0.19071365884769,1.37112244081098,0.806842051586128,0.164617187527389,2.44983203703502,0.588109094667067,0.227049448294258,0.541958168895397,0.302205705048127,0.0476860362995674,1282880.50177423,0,0.172204337511128,0.259919363788264,0.0390504844355549,0.177823986434026,7210993.61728321,0,0.0362091064453125,182.847059965134,1,935,1,2,1869,TRUE,TRUE,3
2_951_2,2.92436957135548,0.740390406942183,0.344679606054897,2.76774900994759,0.958459646126485,0.115910784910068,1.18960592844216,0.944849047587304,0.343167837649622,2.90805139145918,0.389233330472925,0.268280237292577,2.85903652263288,0.633120410461853,0.107670604669956,2.70114298404425,0.874076709042806,0.358637745255335,0.561595366304458,0.688807992253826,0.0109208564862432,974969.763942977,0,0.166614088711815,0.268438209415554,0.100428176980468,0.135119534269989,7210993.61728321,0,0.0278899669647217,185.273624897003,2,951,1,2,1902,TRUE,TRUE,2
2_955_2,2.20960832079139,0.53744300905912,0.503074333885355,2.93935602135808,0.956802692935847,0.0622174185418251,2.95641768014344,0.487740688546549,0.100263897573466,1.17597137749984,0.329701657044281,0.0495618631748482,2.53582189211999,0.457624113877828,0.142687688402966,2.96885823159659,0.324068143118949,0.279820085710793,0.602141130975965,0.558177523275003,0.0350806599179036,453498.620838626,0,0.151691750498269,0.296334580841747,0.254347762139346,0.0627961731476164,7210993.61728321,0,0.0478308200836182,185.885584831238,2,955,1,2,1910,TRUE,TRUE,1
2_959_1,2.80472832337763,0.481493088174526,0.36271236429886,2.66193533280733,0.915699528960204,0.00062814900676349,0.907915425797555,0.713069575659548,0.170207806937539,0.811235821538658,0.37103472050011,0.264310197077083,2.70374797740543,0.872224333971205,0.153196324806479,2.74765031235371,0.61952812653732,0.292677389442068,1.65976564254977,0.925975883729958,0.0225744417610062,424694.152532054,0,0.149196001949939,0.359239105069995,0.27868199933288,0.0588012522573204,7210993.61728321,0,0.029339075088501,186.415514945984,1,959,1,2,1917,TRUE,TRUE,1
2_966_2,2.92436957135548,0.740390406942183,0.344679606054897,2.76774900994759,0.949303466314341,0.101471725954717,1.52006966228369,0.782000026705855,0.393212305509107,2.26046290954087,0.374865493940976,0.268280237292577,2.85903652263288,0.633120410461853,0.107670604669956,2.70114298404425,0.874076709042806,0.358637745255335,0.561595366304458,0.688807992253826,0.0109208564862431,974969.763942977,0,0.166568886070355,0.269330887115133,0.100916221021992,0.135119534269988,7210993.61728321,0,0.0258951187133789,187.439728975296,2,966,1,2,1932,TRUE,TRUE,2
2_974_1,2.80472832337763,0.481493088174526,0.451118335485761,2.70712277842493,0.954307195230611,0.105147343347505,1.62848737230302,0.975376355153225,0.156821812532057,0.642402701600314,0.48961089558688,0.336422053640171,2.32441081079203,0.882321058104301,0.107559953711654,2.64875171888657,0.638017696993871,0.229173819490862,0.704529290044538,0.925975883729958,0.0225744417610062,424694.152532054,0,0.149320615674005,0.326881749434984,0.277476556034918,0.0588012522573204,7210993.61728321,0,0.0260670185089111,188.62437582016,1,974,1,2,1947,TRUE,TRUE,2
2_984_2,0.835582880279646,0.540009498195588,0.578141175446268,2.91291882737875,0.919045289737714,0.110953551201019,0.823049222198463,0.655017236752749,0.162227531818935,1.78192807120274,0.40792198311557,0.25185242981583,2.89117809578359,0.63795566915131,0.191235514159559,2.63421327766294,0.644258815361873,0.0118709978969651,1.80839345717177,0.598329592123093,0.236578498871016,32104.2878799512,0,0.106882923290352,0.759157951924743,0.626246725622433,0.00435256620886637,7210993.61728321,0,0.0262589454650879,190.071976900101,2,984,0,2,1968,TRUE,TRUE,3
2_989_1,2.80472832337763,0.635026933395809,0.546813566530978,2.6327776857348,0.990035692507099,0.0888177712597348,1.4402198091341,0.810083077156873,0.356207134038069,0.715233475575517,0.48961089558688,0.336422053640171,2.32441081079203,0.882321058104301,0.107559953711654,2.64875171888657,0.638017696993871,0.229173819490862,0.704529290044538,0.925975883729958,0.0225744417610062,424694.152532054,0,0.149395967672075,0.337130242085247,0.276747154781059,0.0588012522573204,7210993.61728321,0,0.0261280536651611,190.76793885231,1,989,1,2,1977,TRUE,TRUE,3
2_990_1,2.68763474037809,0.826223851878955,0.367471877338524,2.99675235595674,0.975460816070421,0.0685033053128132,0.974236590739671,0.782359816703094,0.107727484196865,1.69743122951723,0.558839848072064,0.286612581803625,2.95713734842778,0.868639392771353,0.16361197359334,2.68578764742085,0.405476260569682,0.337657955167714,0.630579726523091,0.404977495498575,0.0767982101343878,1016098.57410476,0,0.167680663541497,0.26126158023668,0.0888741523485379,0.140823730617568,7210993.61728321,0,0.0262460708618164,190.902534008026,1,990,1,2,1979,TRUE,TRUE,2
2_997_2,2.5847367394239,0.864523139046163,0.373287865676603,2.95306423409903,0.985851693657644,0.0354258219738225,1.00628975606862,0.64606717882946,0.398032816751895,2.05433642987607,0.45430026300189,0.276329042520062,2.79577478761982,0.466753747014958,0.222785183942562,2.06034625392873,0.831974959286,0.390845131520382,0.622013893600261,0.705839153295545,0.0299438398673016,1114526.75147419,0,0.169476174763741,0.257745151545331,0.0692571566900675,0.154474834251277,7210993.61728321,0,0.0258388519287109,191.929933786392,2,997,1,2,1994,TRUE,TRUE,2
3_250_2,2.68440550143576,0.737552135686044,0.360985337594874,2.98547105573984,0.977535308655682,0.166861585728903,2.01872219089099,0.816078206845349,0.112487938733775,1.94930054270908,0.658707261624998,0.324259452033048,2.80026532337539,0.841755311964221,0.299970275041538,1.68151640493395,0.546887286203602,0.222138586803355,0.787240653374259,0.43478979102335,0.0139211272805686,615900.494601258,0,0.157886539606961,0.292736244130065,0.192202299878878,0.0853198535437421,7210993.61728321,0,0.0275449752807617,35.4119000434876,2,250,1,3,500,TRUE,TRUE,3
3_643_1,2.87606557471376,0.304762058448152,0.684503126550583,2.77808769045105,0.980966595416462,0.220436644938621,2.24315206212895,0.8851480780548,0.268449248409953,1.95567745545166,0.760148488456585,0.269209365693821,0.875239294780148,0.449603310034176,0.949070889824934,1.51099455667961,0.791856649104562,0.372844726322532,2.12201840191035,0.343099000003627,0.245491706163141,58017.4933404716,0,0.107826594823116,0.617471847360025,0.619617840228529,0.00794649492600041,7210993.61728321,0,0.0387201309204102,94.9159531593323,1,643,0,3,1285,TRUE,TRUE,3
3_790_2,2.97314349235007,0.720907649144625,0.368957250508116,2.87682144051858,0.948549786771007,0.134976406262703,2.3643502697789,0.675893616474187,0.108427828502076,1.28776189539795,0.575595965982839,0.0927590764347293,2.78838651137899,0.51380592229113,0.972816816248383,1.02468803405,0.909603416617101,0.0716437593137077,1.45116375279649,0.324852957099322,0.285776554757513,79224.8349104732,0,0.108832844476905,0.521916232475753,0.612485177016534,0.0108877626128028,7210993.61728321,0,0.0400710105895996,128.327468156815,2,790,0,3,1580,TRUE,TRUE,1
3_805_2,2.97314349235007,0.720907649144625,0.368957250508116,2.87682144051858,0.948549786771007,0.0445998557708582,2.40522612343245,0.833767084005574,0.179683252859419,0.644959137199505,0.436272660223429,0.0927590764347293,2.78838651137899,0.51380592229113,0.972816816248383,1.02468803405,0.909603416617101,0.0716437593137077,1.45116375279649,0.324852957099322,0.285776554757513,79224.8349104732,0,0.109054398554156,0.479461164590683,0.610905821470793,0.0108877626128028,7210993.61728321,0,0.0377731323242188,131.420770168304,2,805,0,3,1610,TRUE,TRUE,1
3_835_2,2.97314349235007,0.720907649144625,0.420062019342252,2.93807268347627,0.988401080405321,0.00996927625249008,2.40522612343245,0.833767084005574,0.179683252859419,0.644959137199505,0.436272660223429,0.0927590764347292,2.78838651137899,0.51380592229113,0.972816816248383,1.02468803405,0.909603416617101,0.0716437593137077,1.45116375279649,0.324852957099322,0.285776554757513,79224.8349104732,0,0.109119889271713,0.481923451320041,0.610438353698931,0.0108877626128028,7210993.61728321,0,0.0372550487518311,137.485550165176,2,835,0,3,1670,TRUE,TRUE,2
3_850_2,2.97314349235007,0.720907649144625,0.344021949754241,2.80006585943129,0.902142335593504,0.0445998557708582,2.40522612343245,0.833767084005574,0.179683252859419,0.644959137199505,0.436272660223429,0.0927590764347292,2.78838651137899,0.51380592229113,0.972816816248383,1.02468803405,0.909603416617101,0.0716437593137077,1.45116375279649,0.324852957099322,0.285776554757513,79224.8349104732,0,0.109003386149545,0.482688793860469,0.611269749705334,0.0108877626128028,7210993.61728321,0,0.0344901084899902,140.559065103531,2,850,0,3,1700,TRUE,TRUE,1
3_859_2,2.46113661203748,0.358440341395678,0.590085761638646,2.98442859160444,0.953534053681752,0.0889088645968255,1.59576336517065,0.619532130560121,0.194577347608515,2.16507472235275,0.791639337277741,0.393252093083609,0.589745840987669,0.584203080124247,0.910358602491405,2.19730142790418,0.785544472744019,0.293778105772349,0.836118877646024,0.479033547721606,0.0479391040570528,661935.662959343,0,0.160428889512956,0.287106623509966,0.165977908844387,0.0917045176800368,7210993.61728321,0,0.032844066619873,142.378792047501,2,859,1,3,1718,TRUE,TRUE,3
3_865_2,2.64043636030943,0.358432929602953,0.520611623142406,2.84421377142501,0.733415983031939,0.268175359659126,2.53894695620946,0.984320278303571,0.231982716049451,1.8645063932714,0.649247759186129,0.289789845909198,2.9864462077621,0.609848996029771,0.988546377465536,1.60667860636682,0.942505384516075,0.0716437593137077,1.45116375279649,0.324852957099322,0.285776554757513,79224.8349104732,0,0.107883942253259,0.602873789874125,0.61921312114734,0.0108877626128028,7210993.61728321,0,0.0344340801239014,143.484456062317,2,865,0,3,1730,TRUE,TRUE,3
3_889_2,2.46113661203748,0.358440341395678,0.590085761638646,2.98442859160444,0.953534053681752,0.0889088645968255,1.57120751143822,0.619532130560121,0.194577347608515,2.16507472235275,0.791639337277741,0.393252093083609,0.589745840987669,0.584203080124247,0.910358602491405,2.19730142790418,0.785544472744019,0.293778105772349,0.836118877646024,0.479033547721606,0.0479391040570528,661935.662959343,0,0.160428889512956,0.287106623509966,0.165977908844387,0.0917045176800368,7210993.61728321,0,0.0400369167327881,148.879301071167,2,889,1,3,1778,TRUE,TRUE,3
3_940_2,2.63927048289817,0.675358061392591,0.31970793390651,2.7996189496558,0.731327261803822,0.268175359659126,2.53894695620946,0.984320278303571,0.231982716049451,1.8645063932714,0.649247759186129,0.289789845909198,2.9864462077621,0.609848996029771,0.988546377465536,1.60667860636682,0.942505384516075,0.0716437593137077,1.45116375279649,0.324852957099322,0.285776554757513,79224.8349104732,0,0.107925914613898,0.534891425556582,0.618916772443708,0.0108877626128028,7210993.61728321,0,0.0762779712677002,166.863078117371,2,940,0,3,1880,TRUE,TRUE,1
3_959_1,2.18319696635338,0.543021542145894,0.320391998991483,2.71211355743319,0.863080799918829,0.0887601149600804,2.30090735396141,0.383902812176328,0.144472146936131,0.623294886683016,0.585661497198917,0.159193020509198,2.55199892181156,0.327918118316593,0.952565365433691,0.567959068024438,0.747040386511911,0.147742930982523,1.54834049550211,0.490421789807543,0.264317673756607,209448.9737101,0,0.114869837006758,0.44665337986013,0.568301669681608,0.0289486803487065,7210993.61728321,0,0.0613040924072266,175.163659095764,1,959,0,3,1917,TRUE,TRUE,1
3_990_1,2.92852520005551,0.855908564281259,0.43501668372085,2.74070439534797,0.846702750283605,0.125100686128028,2.18133687905214,0.732494569746069,0.207265103310019,0.607659787351497,0.631753804133947,0.106572626587106,2.86107531101566,0.718611293655103,0.975119767460227,0.566683520313475,0.76374675832801,0.272651404046675,0.978319427380791,0.45770842071328,0.0696397465768159,198413.708893395,0,0.114128193311979,0.464065006798313,0.573858094148221,0.0274181882918145,7210993.61728321,0,0.103003978729248,188.449151039124,1,990,0,3,1979,TRUE,TRUE,1
4_421_2,2.68395438831728,0.512338673116522,0.321716597614017,2.58480023594671,0.975126963503925,0.0300095737751899,0.583480980306268,0.803339617162765,0.348920210103278,0.866059927445071,0.523397124785884,0.289800153483687,2.36097429230297,0.935885160576434,0.169919404731199,2.83687286754476,0.986545712419267,0.396726751119783,2.08455588381758,0.790616900237105,0.325040080695905,280894.254718035,0,0.11768641772506,0.444105731773874,0.546871846594974,0.0388574987505566,7210993.61728321,0,0.0375339984893799,89.417995929718,2,421,0,4,842,TRUE,TRUE,3
4_584_1,2.03786976860545,0.498412435696888,0.407744353828469,2.96662378337113,0.99936374957343,0.00480928515633089,0.526476905951069,0.891253559180863,0.371485529883495,1.4290205228944,0.37111102376824,0.3654836683126,2.29503247464177,0.710869117973963,0.22023068583428,0.82725470565519,0.694950875199731,0.0861595264011748,1.71145457203944,0.505022679598621,0.363708696721764,302011.099003757,0,0.119506744920165,0.43992609829331,0.532745821205814,0.0417862152773224,7210993.61728321,0,0.0369160175323486,128.424957036972,1,584,0,4,1167,TRUE,TRUE,3
4_599_1,2.03786976860545,0.498412435696888,0.407744353828469,2.96662378337113,0.99936374957343,0.00480928515633089,0.526476905951069,0.891253559180863,0.399897322531089,1.02721310951336,0.51542097068755,0.31287270440876,1.88900244724274,0.783170184534548,0.22023068583428,0.82725470565519,0.694950875199731,0.0861595264011748,1.71145457203944,0.505022679598621,0.363708696721764,302011.099003756,0,0.119571160285907,0.438464544435159,0.53224197582869,0.0417862152773223,7210993.61728321,0,0.0354819297790527,131.454551935196,1,599,0,4,1197,TRUE,TRUE,3
4_614_1,2.03786976860545,0.498412435696888,0.407744353828469,2.96662378337113,0.99936374957343,0.00480928515633089,0.526476905951069,0.891253559180863,0.371485529883495,1.4290205228944,0.37111102376824,0.3654836683126,2.29503247464177,0.710869117973963,0.22023068583428,0.82725470565519,0.694950875199731,0.0861595264011748,1.71145457203944,0.505022679598621,0.363708696721764,302011.099003756,0,0.119506744920165,0.439926098293312,0.532745821205814,0.0417862152773223,7210993.61728321,0,0.0376560688018799,134.713864088058,1,614,0,4,1227,TRUE,TRUE,3
4_629_1,2.03786976860545,0.498412435696888,0.407744353828469,2.96662378337113,0.99936374957343,0.00480928515633089,0.526476905951069,0.891253559180863,0.371485529883495,1.4290205228944,0.37111102376824,0.3654836683126,2.29503247464177,0.493655363845857,0.20767824391764,1.07484404344359,0.533754698349804,0.140352714618389,1.62422665820474,0.300300863513911,0.363708696721764,302011.099003756,0,0.119495653594601,0.436889007711537,0.532832548155514,0.0417862152773223,7210993.61728321,0,0.0444118976593018,138.059216976166,1,629,0,4,1257,TRUE,TRUE,2
4_632_2,2.70735854031868,0.487848354214983,0.337408361997607,2.76924428469365,0.961300563145317,0.0242373335706109,0.545986578384247,0.926934656123715,0.355406223160554,0.648605433367948,0.457016015004268,0.254464608566053,2.62744382198937,0.895431990757918,0.115718322591542,2.9896751321531,0.964096902960815,0.318251348829063,0.684368962355068,0.706566899360088,0.167211470540025,201209.824397966,0,0.113759638695614,0.485437703672497,0.576605933580152,0.0278059843837959,7210993.61728321,0,0.0450270175933838,138.81250500679,2,632,0,4,1264,TRUE,TRUE,3
4_635_2,1.95858635002418,0.595218652531681,0.458496868236298,2.93225617243067,0.990823030462567,0.011563253731535,0.708276368806328,0.875412728655662,0.362654602045369,0.97460728744684,0.346004804733935,0.29199444993649,2.45955320358927,0.530125840418373,0.226008361630259,0.501069347001956,0.944911024585082,0.0717380375540837,2.4587222221963,0.922007487549611,0.364102037086148,200127.671593329,0,0.114944273440118,0.478469469804431,0.567742001514817,0.0276558995150274,7210993.61728321,0,0.0400450229644775,139.530642986298,2,635,0,4,1270,TRUE,TRUE,3
4_645_2,2.10211577029159,0.678428259632207,0.331031300770619,2.91243018897103,0.920547426385086,0.0437970827949532,0.887587648001639,0.312550573245324,0.356971351440923,1.40960510402668,0.41263722281236,0.296467643264113,2.22875888259518,0.636795815403054,0.120943764035905,2.5150517858982,0.830361377887753,0.206676975886524,1.2854241371562,0.601166040583782,0.372656337658264,344405.309265943,0,0.120294375909734,0.426389731831206,0.526566477342343,0.0476659112467623,7210993.61728321,0,0.0640361309051514,141.553060054779,2,645,0,4,1290,TRUE,TRUE,1
4_662_2,2.70735854031868,0.487848354214983,0.337408361997607,2.79942971844262,0.968554629140765,0.022278450786031,1.16031375422825,0.731641435580193,0.325769380848459,1.32737031616314,0.4565025825568,0.370351465810773,2.50553731075208,0.693637803779506,0.252100961734007,2.9896751321531,0.964096902960815,0.318251348829063,0.684368962355068,0.706566899360088,0.167211470540025,201209.824397966,0,0.113938718611689,0.470120333862531,0.57527187426728,0.0278059843837959,7210993.61728321,0,0.0358068943023682,145.098130941391,2,662,0,4,1324,TRUE,TRUE,1
4_677_2,2.70735854031868,0.487848354214983,0.337408361997607,2.76924428469365,0.961300563145317,0.0242373335706109,0.545986578384247,0.926934656123715,0.355406223160554,1.14254542375864,0.408278899658641,0.261512169780001,2.83204909141994,0.825331957594862,0.179901840779895,2.89194443037534,0.871260712532331,0.279135404930948,0.824752394933501,0.562239560818083,0.167211470540025,201209.824397966,0,0.113908580573951,0.47417523838924,0.57549653502361,0.0278059843837959,7210993.61728321,0,0.119513034820557,150.114592075348,2,677,0,4,1354,TRUE,TRUE,1
4_703_1,1.86269818881815,0.948243870681438,0.326644621187929,2.80325785695572,0.970178228744324,0.0115943872130496,1.69268755511206,0.964657458352256,0.319656898365921,0.972594331343874,0.484681425250127,0.282573900184477,2.91302651108857,0.735521309984844,0.195853817778611,2.81824620233934,0.872657291453279,0.185134861012704,2.19784958255838,0.451533741365057,0.340211290177718,175374.160690847,0,0.112629242617718,0.487138915221429,0.584978413115918,0.0242228100109962,7210993.61728321,0,0.0519998073577881,158.182653903961,1,703,0,4,1405,TRUE,TRUE,3
4_721_2,2.85338509544704,0.574234520918015,0.320207157081736,2.72683424654595,0.975126963503925,0.0300095737751899,0.583480980306268,0.803339617162765,0.348920210103278,1.22726563038,0.512745060534647,0.224105697727313,2.60676726097705,0.96457974506102,0.140303855921637,1.80132301722893,0.809857322641612,0.147987156013717,0.96270030642259,0.779042541864292,0.399660258432632,191270.657537367,0,0.113774713951863,0.482581008749444,0.576493711054894,0.026427511262857,7210993.61728321,0,0.0400011539459229,162.187123060226,2,721,0,4,1442,TRUE,TRUE,3
4_730_1,2.07935935693944,0.506971894569553,0.413682351807936,2.93582224329771,0.949015268080237,0.00673471914544601,0.626080249768467,0.770496915475456,0.396868753091227,1.38296352243868,0.318718676725421,0.350548373458947,2.97073705557711,0.489627894866608,0.157573660575437,2.55112804268889,0.565287420268948,0.123404646721136,1.68743388476323,0.319698199564326,0.359084905516356,331252.855117873,0,0.120004800237301,0.436211426147271,0.528843056285686,0.0458417840566485,7210993.61728321,0,0.0459299087524414,164.379698038101,1,730,0,4,1459,TRUE,TRUE,2
4_737_2,2.5318366826273,0.585907400276628,0.337408361997607,2.76924428469365,0.961300563145317,0.0242373335706109,0.545986578384247,0.926934656123715,0.315000515495018,1.11447734066307,0.494425279290822,0.207084082485371,2.50469370127874,0.971790240270737,0.113962013046621,2.91827841553744,0.767566366396354,0.221310246560004,1.46407698145672,0.316758919852906,0.0253665774802678,349251.947634312,0,0.120388158889751,0.419492289737536,0.525828000357777,0.0483380964320409,7210993.61728321,0,0.0456480979919434,165.865622997284,2,737,0,4,1474,TRUE,TRUE,3
4_756_1,2.34348923183784,0.642370187643983,0.343165876879924,2.96659138412756,0.916313295695138,0.0539925101335378,1.26374273881201,0.741082591098052,0.399427344685199,1.54044976607552,0.415234813403531,0.289390208290629,2.95571445985442,0.696900381166779,0.172158360931689,1.8066585604999,0.982870427290977,0.304982572917217,0.699170056431204,0.499502381718176,0.0281034825216248,597513.818128895,0,0.1569466096647,0.286072022418817,0.201791631499775,0.082769786756854,7210993.61728321,0,0.0385780334472656,169.665322065353,1,756,1,4,1511,TRUE,TRUE,2
4_767_1,2.71170841799116,0.604651864691628,0.37413096348805,2.80029005291292,0.950492544810194,0.153538250925283,0.748481428459768,0.978357627696056,0.38493832494887,0.541113284310163,0.459140963022917,0.0876216816603638,2.97420470172386,0.866090402467594,0.104256346965061,2.91415336135695,0.81820327794622,0.260174732761268,1.42461650938598,0.423541719482286,0.0375286771046085,35610.9836299861,0,0.106819847817878,0.743936688325558,0.62668772606505,0.0048389133949566,7210993.61728321,0,0.0442981719970703,171.985278129578,1,767,0,4,1533,TRUE,TRUE,2
4_767_2,2.5318366826273,0.585907400276628,0.306012727573839,2.87185661199228,0.988050444254952,0.0375068322322575,0.97124933677773,0.693453535393244,0.360551735942779,1.11447734066307,0.494425279290822,0.207084082485371,2.50469370127874,0.971790240270737,0.113962013046621,2.91827841553744,0.767566366396354,0.221310246560004,1.46407698145672,0.316758919852906,0.0253665774802678,349251.947634312,0,0.120389503261011,0.409143733283146,0.525817410167283,0.0483380964320409,7210993.61728321,0,0.0437498092651367,172.030021905899,2,767,0,4,1534,TRUE,TRUE,3
4_771_1,2.34348923183784,0.642370187643983,0.343165876879924,2.96659138412756,0.916313295695138,0.0539925101335378,1.26374273881201,0.741082591098052,0.383075364048434,1.85979520155924,0.482907051007704,0.322275445975527,2.81953740415016,0.696900381166779,0.172158360931689,1.8066585604999,0.982870427290977,0.304982572917217,0.699170056431204,0.499502381718176,0.0281034825216248,597513.818128895,0,0.157034527845006,0.282638641224378,0.200897102038338,0.082769786756854,7210993.61728321,0,0.0349459648132324,172.834752082825,1,771,1,4,1541,TRUE,TRUE,1
4_786_1,2.34348923183784,0.642370187643983,0.343165876879924,2.96659138412756,0.916313295695138,0.0539925101335378,1.26374273881201,0.741082591098052,0.399427344685199,1.54044976607552,0.415234813403531,0.235045960492449,2.75848200039065,0.914114135294885,0.172158360931689,1.8066585604999,0.982870427290977,0.304982572917217,0.699170056431204,0.499502381718176,0.0281034825216248,597513.818128895,0,0.156935952811651,0.28601492261701,0.201900026329171,0.082769786756854,7210993.61728321,0,0.0470008850097656,176.058218002319,1,786,1,4,1571,TRUE,TRUE,1
4_797_2,2.5318366826273,0.585907400276628,0.306012727573839,2.89600495899146,0.982247191458593,0.0359397260045935,0.520212403897469,0.849688111828061,0.351936643660026,1.54184287086043,0.426519938341973,0.32972220045801,2.52965391476702,0.788824777295267,0.130471461176917,2.9789891407567,0.749845891090739,0.199032708642777,0.722883670384359,0.316758919852906,0.0253665774802678,349251.947634312,0,0.120365560654698,0.407523170877182,0.526005998670831,0.0483380964320409,7210993.61728321,0,0.0344388484954834,178.188837051392,2,797,0,4,1594,TRUE,TRUE,1
4_801_1,1.94121282900646,0.994968941991659,0.313486482362957,2.92006785119393,0.974918641362807,0.0539925101335378,1.26374273881201,0.741082591098052,0.372619504504717,1.30704081818397,0.531708898849704,0.0804835031899086,1.8513930528118,0.606152801120372,0.342623343044192,2.33482872646967,0.960800132574084,0.287983052086988,0.871902228701409,0.445030790305435,0.0476400005139857,550361.931723945,0,0.155404151022262,0.294345682618281,0.217403989296552,0.0762302438633293,7210993.61728321,0,0.0338280200958252,178.860670089722,1,801,1,4,1601,TRUE,TRUE,3
4_812_2,2.5318366826273,0.585907400276628,0.306012727573839,2.89600495899146,0.982247191458593,0.0359397260045935,0.520212403897469,0.849688111828061,0.351936643660026,1.54184287086043,0.426519938341973,0.283131553380241,2.52994229192642,0.735495612371707,0.130471461176917,2.9789891407567,0.749845891090739,0.199032708642777,0.722883670384359,0.316758919852906,0.0253665774802678,349251.947634312,0,0.120387125156821,0.408374068354973,0.525836143436138,0.0483380964320409,7210993.61728321,0,0.0369110107421875,180.874850034714,2,812,0,4,1624,TRUE,TRUE,2
4_827_2,2.5318366826273,0.585907400276628,0.306012727573839,2.90900232852215,0.94628542997225,0.0327836023675055,0.731868879759845,0.849688111828061,0.351936643660026,1.54184287086043,0.426519938341973,0.32972220045801,2.52965391476702,0.788824777295267,0.130471461176917,2.9789891407567,0.749845891090739,0.199032708642777,0.722883670384359,0.316758919852906,0.0253665774802678,349251.947634312,0,0.120348890399953,0.410737924062796,0.526137282960679,0.0483380964320409,7210993.61728321,0,0.0630090236663818,183.607813119888,2,827,0,4,1654,TRUE,TRUE,1
4_842_2,2.5318366826273,0.585907400276628,0.306012727573839,2.90900232852215,0.94628542997225,0.0327836023675055,1.63096109396087,0.37435447390088,0.333948979856778,2.00450562815933,0.392476606147626,0.380507090504411,2.24666227216174,0.697937158454174,0.235205579628317,1.6531594561875,0.840780189542507,0.345892048647285,0.695592780368077,0.805304983382354,0.0387849263541727,306758.706777828,0,0.11922988090343,0.435445488272243,0.5349083103009,0.0424446658091532,7210993.61728321,0,0.0411410331726074,186.695132017136,2,842,0,4,1684,TRUE,TRUE,1
4_846_1,2.34348923183784,0.642370187643983,0.343165876879924,2.9326633536094,0.916313295695138,0.0539925101335378,1.26374273881201,0.741082591098052,0.399427344685199,1.54044976607552,0.415234813403531,0.235045960492449,2.75848200039065,0.914114135294885,0.172158360931689,1.8066585604999,0.982870427290977,0.304982572917217,0.699170056431204,0.499502381718176,0.0281034825216248,597513.818128895,0,0.15693193462163,0.286953018471465,0.201940894928586,0.082769786756854,7210993.61728321,0,0.046248197555542,187.472242116928,1,846,1,4,1691,TRUE,TRUE,2
4_850_2,2.1697980627852,0.683530844246056,0.311720678716138,2.96856118288397,0.951027820983269,0.11173725863086,2.8875637182715,0.87075589957591,0.351023919577268,1.04962641217471,0.68785347665659,0.225688866484421,2.52545722319324,0.939094508898123,0.104278472157797,2.81603034222423,0.895809370014993,0.31943293259119,0.704919277256445,0.97441903120845,0.0215530176187752,2260452.23685648,0,0.179099869817724,0.253534657434822,-0.0394484114201161,0.313404400718292,7210993.61728321,0,0.0332942008972168,188.316368103027,2,850,1,4,1700,TRUE,TRUE,3
4_857_2,2.24220578675362,0.585907400276628,0.306012727573839,2.90900232852215,0.94628542997225,0.0959465273781894,2.45642475056917,0.86654234202634,0.35120646439382,1.14806970391186,0.635586768993667,0.246495533279139,2.526296561508,0.909040562577552,0.109517069961621,2.84862210193073,0.866616674230142,0.295352887801508,0.708512155882028,0.842887008937341,0.0223157295910737,1878212.17901205,0,0.176918952578929,0.255500397340906,-0.0142876057089798,0.260391139861042,7210993.61728321,0,0.0331730842590332,189.735845088959,2,857,1,4,1714,TRUE,TRUE,3
4_861_1,2.34348923183784,0.642370187643983,0.454751452450554,2.89099454281581,0.902281464289666,0.0537536553852392,0.76102812807361,0.741082591098052,0.3850372136426,1.91057997191464,0.388000147648053,0.350337925961057,2.76073151811037,0.667633036919525,0.140492278202107,2.6553411160447,0.982870427290977,0.304982572917217,0.699170056431204,0.499502381718176,0.0281034825216248,597513.818128895,0,0.156912061233674,0.28663406052187,0.202143009737215,0.082769786756854,7210993.61728321,0,0.0351200103759766,190.473997116089,1,861,1,4,1721,TRUE,TRUE,1
4_871_1,1.8370270053726,0.955693062878263,0.306681954791862,2.95513148809396,0.981861881283317,0.0363387667823603,1.082211801648,0.888020112839283,0.348175414484939,1.5803194577066,0.555517089610707,0.290072033368836,2.71082487930518,0.770451905117737,0.195279745462839,2.5324227511137,0.825138508864465,0.338588575332002,1.89154400107438,0.553904583370571,0.176648937239392,265140.723668253,0,0.117158711826054,0.43976056800266,0.550926389178829,0.0366726255698792,7210993.61728321,0,0.0441269874572754,192.683207988739,1,871,0,4,1741,TRUE,TRUE,1
4_876_1,2.34348923183784,0.642370187643983,0.343165876879924,2.96659138412756,0.916313295695138,0.0539925101335378,1.26374273881201,0.741082591098052,0.399427344685199,1.54044976607552,0.415234813403531,0.235045960492449,2.86693976115303,0.914114135294885,0.172158360931689,1.8066585604999,0.982870427290977,0.304982572917217,0.699170056431204,0.499502381718176,0.0281034825216248,597513.818128895,0,0.156916905237187,0.28615571155906,0.202093747982718,0.082769786756854,7210993.61728321,0,0.0414988994598389,193.770076990128,1,876,1,4,1751,TRUE,TRUE,1
4_887_2,2.24220578675362,0.585907400276628,0.304179496715986,2.96405080394406,0.960186782313042,0.0631994881622176,2.41110355422103,0.896903489125028,0.380572620451753,1.07281559052978,0.769854247343833,0.189924761753555,2.526296561508,0.909040562577552,0.109517069961621,2.84862210193073,0.866616674230142,0.295352887801508,0.708512155882028,0.842887008937341,0.0223157295910737,1878212.17901205,0,0.176937171538258,0.249866519050572,-0.0144965173700073,0.260391139861042,7210993.61728321,0,0.0370001792907715,195.989128112793,2,887,1,4,1774,TRUE,TRUE,1
4_892_2,2.54284012012762,0.814953259112271,0.439609338751898,2.99862314988531,0.929012753652787,0.0840650107279436,1.2923888358274,0.717903294205694,0.319549659200526,2.03559002545424,0.456976219408283,0.192333208835473,2.29297286459675,0.45835292780309,0.234858764749391,2.5933495328132,0.960001411085126,0.00518552813501116,0.695922013113046,0.866351164376486,0.0124657863702292,430705.945566019,0,0.149478488951389,0.31411666597403,0.275947933294325,0.0596350339235503,7210993.61728321,0,0.0348248481750488,196.950037956238,2,892,1,4,1784,TRUE,TRUE,3
4_893_2,1.73328040737326,0.312098510371282,0.352883710176768,2.90359137692337,0.951439445118649,0.111667874813564,1.38048619586814,0.943933048741949,0.365130821445355,1.05832153882312,0.51982856200655,0.093957573408749,2.48876738964208,0.95434880490379,0.160481601680339,2.35900478201349,0.873557201395274,0.0291107328099741,2.57322436875784,0.837958424931444,0.331278537970639,46175.0810594978,0,0.107095002595907,0.734667071573974,0.624762036162334,0.00630405876959454,7210993.61728321,0,0.0374438762664795,197.175493955612,2,893,0,4,1786,TRUE,TRUE,2
4_895_1,2.26261801563442,0.713014811979557,0.415944815938879,2.84473361965201,0.972077425742104,0.0125491836018022,1.23502226710298,0.901548238765757,0.37936231032167,0.895221670925981,0.489332689643555,0.208378922216082,2.6572499612787,0.856157983021118,0.209259011195649,0.950327316750056,0.542619133559323,0.0670616711184926,2.01344372130542,0.323363869503803,0.282948151832545,316273.873853389,0,0.120038960982662,0.433835404226025,0.528574777630654,0.0437643339703651,7210993.61728321,0,0.0372450351715088,197.496886968613,1,895,0,4,1789,TRUE,TRUE,1
4_902_2,2.66156478482059,0.794361071270141,0.315038392666715,2.98644293933728,0.892059008801833,0.0246100348711119,2.90271431647211,0.896903489125028,0.380572620451753,1.07281559052978,0.769854247343833,0.189924761753555,2.526296561508,0.909040562577552,0.218081534209008,2.82101175374158,0.731988203264925,0.332316795725604,0.514013322869717,0.886278682487957,0.0187353020330367,1588633.78923506,0,0.174632783263214,0.253123600134043,0.0117565352765828,0.220229219620548,7210993.61728321,0,0.0360019207000732,198.958020925522,2,902,1,4,1804,TRUE,TRUE,1
4_907_2,2.54284012012762,0.814953259112271,0.411437213714581,2.9490766848443,0.855072345108837,0.00639567990846614,1.52095466492323,0.86143300828957,0.290477371858464,2.56555742465601,0.456976219408283,0.192333208835473,2.29297286459675,0.45835292780309,0.234858764749391,2.5933495328132,0.960001411085126,0.00518552813501116,0.695922013113046,0.866351164376486,0.0124657863702292,430705.945566019,0,0.149467581396261,0.315957231581147,0.276053598661169,0.0596350339235503,7210993.61728321,0,0.038438081741333,199.894447088242,2,907,1,4,1814,TRUE,TRUE,3
4_912_2,2.96604409036639,0.583079998443829,0.333225865482881,2.82403812102822,0.902494466116284,0.0132094951400868,1.08350631564079,0.646908357435587,0.389413755625536,1.05002285121381,0.352797044761517,0.101291770062568,2.98815224009867,0.739360256768127,0.108787616881872,2.64742496789469,0.835557372276319,0.0705448002069084,0.981936184233076,0.835957381727583,0.300173832061202,93262.1775693808,0,0.108859137511344,0.58547547322327,0.612297914220761,0.0128346158869359,7210993.61728321,0,0.049065113067627,200.891549110413,2,912,0,4,1824,TRUE,TRUE,3
4_914_2,2.59757827454905,0.826566158855152,0.310069941872596,2.76800061038188,0.996587476113093,0.0629957116871858,2.23606667449271,0.650956325593465,0.233465666137708,1.51841670186881,0.356728613204592,0.333747133717785,2.94524582578585,0.571004812573028,0.222182298589534,2.49355174074634,0.860593531592672,0.13271292301001,0.947404105746638,0.790610874122073,0.246611099343214,120343.757960505,0,0.110122997312728,0.546157392406838,0.603243175033791,0.0165905877068375,7210993.61728321,0,0.0465660095214844,201.432173967361,2,914,0,4,1828,TRUE,TRUE,3
4_917_1,1.82465440380143,0.707265042778896,0.445225228844195,2.72014590789752,0.981617099554004,0.193874202179671,0.916091190740126,0.867190216802343,0.392178422431539,1.19184081902368,0.43701203238276,0.225603129616218,2.1308688596947,0.314966555631817,0.267091865502604,2.49602249340331,0.94253136197342,0.0524827816131035,1.95492233072917,0.365778688638666,0.320291514466261,421044.072440832,0,0.149193802028971,0.388610733994022,0.278703271094519,0.0582950189516929,7210993.61728321,0,0.0600008964538574,202.283062934875,1,917,1,4,1833,TRUE,TRUE,2
4_945_1,2.59723652886111,0.806656781165832,0.376510240936202,2.71582524465619,0.867478416938604,0.0118544543282362,2.08068180718329,0.890168517937652,0.316213468367025,1.50434398745639,0.324587308227794,0.31193966066738,2.98738541990888,0.508038381460395,0.195799405673433,2.5680240091306,0.943544730009822,0.177524171393675,2.12457701604943,0.431791835909585,0.36308009758688,270099.555690404,0,0.116895308616891,0.461865243424825,0.552943387453541,0.0373603710066606,7210993.61728321,0,0.0551979541778565,208.531975984573,1,945,0,4,1889,TRUE,TRUE,3
4_954_2,2.30108784926608,0.640068737007582,0.403213454100223,2.91564977829674,0.945521313070669,0.0344369200274938,1.50097718848745,0.627357394815326,0.318435370784602,0.847762605893074,0.388571454366784,0.232907577967882,2.95541617281433,0.730839952179374,0.13670245590958,1.24048365566606,0.993033470195621,0.291853914884919,0.733439855771684,0.335146809005578,0.0370355129884453,716151.239386087,0,0.161035138247567,0.285909146258351,0.159662584988466,0.0992237308986757,7210993.61728321,0,0.0395340919494629,210.556016921997,2,954,1,4,1908,TRUE,TRUE,3
4_955_2,2.88596722080134,0.499529158621012,0.427894899752918,2.76293686441685,0.978312787459186,0.0221120750158573,0.816190126459832,0.971571277006399,0.393248527039977,0.775548791626681,0.656461370023111,0.372258717531339,1.62585422669735,0.673496490456665,0.364430178372832,2.32440524095618,0.994605592123854,0.376912771622244,0.608351689611254,0.399686438398847,0.0755913332323804,642530.740669586,0,0.159069385057123,0.284725896962355,0.180053334977327,0.0890132293491832,7210993.61728321,0,0.041996955871582,210.780951976776,2,955,1,4,1910,TRUE,TRUE,2
4_961_1,1.57294984374379,0.971681303113388,0.432103462268371,2.97531581423294,0.87589716948274,0.0894247319209834,0.633328150610331,0.751373586131049,0.382391951517931,1.29940869131727,0.439762028075552,0.198915794945081,2.69236582043442,0.857088149463878,0.191662603462413,2.96362575796923,0.956836666619832,0.281976835310258,0.74052786402832,0.385331273768413,0.0602144852307296,817278.152958151,0,0.163500275868393,0.279932637623794,0.133737770098056,0.113249124990329,7210993.61728321,0,0.041996955871582,212.144388914108,1,961,1,4,1921,TRUE,TRUE,3
4_961_2,1.65708854472776,0.727568030524312,0.300380419746424,2.8730995776009,0.964643643191819,0.0801474847893042,0.829269830570895,0.94424905917729,0.39108294191154,1.05485343020089,0.478238074893844,0.221011596087826,2.86806641410302,0.929384190854462,0.121195266034771,2.71852988659318,0.668979791079792,0.346840794412889,0.589321517880693,0.791451451697994,0.0423054386381034,549352.553479707,0,0.155114610390809,0.292931989296856,0.220317454006149,0.0760902521720681,7210993.61728321,0,0.0429999828338623,212.189388990402,2,961,1,4,1922,TRUE,TRUE,2
4_962_2,2.09152782612205,0.585907400276628,0.304179496715986,2.96405080394406,0.960186782313042,0.0631994881622176,2.41110355422103,0.809714017117235,0.36704468768551,0.701570900862729,0.788060813148557,0.0735558577439856,2.93575234409112,0.918017855949879,0.140920704995681,2.97142138538065,0.980288864428918,0.262625307217453,0.711373976732529,0.598244927605999,0.0137705745250355,2110816.2680929,0,0.178315193259235,0.250286463533399,-0.0303602521421664,0.292651236619202,7210993.61728321,0,0.0483701229095459,212.431193113327,2,962,1,4,1924,TRUE,TRUE,2
4_975_1,2.58560286576637,0.907637826653535,0.325530959443426,2.65792721894577,0.938666330773447,0.0474255697103738,1.05664241439603,0.90677412437572,0.353645963234986,1.22482703194307,0.355796287660579,0.306874361300465,2.42855809410256,0.608769145132331,0.201630962582642,2.80544651761293,0.884997588074232,0.383632460785677,0.784417490197124,0.372989731016727,0.213531397715059,318347.034361533,0,0.119248597296526,0.443236871957279,0.53476228109991,0.0440518627014902,7210993.61728321,0,0.0669620037078857,215.805378913879,1,975,0,4,1949,TRUE,TRUE,3
4_980_2,2.76020034609853,0.515194635608103,0.308266953437527,2.84481990755056,0.921154659736423,0.119960174727065,0.685317406822909,0.66782828666464,0.344697161920919,0.862787911425707,0.403573359928613,0.277216368804884,2.85319546999331,0.77265340075839,0.136584590313221,2.78705634080292,0.893680657647347,0.295069066467768,1.1279385715397,0.753831081732974,0.261485369972528,260921.709392935,0,0.116344255444546,0.471182981847666,0.557148368932,0.036087486205891,7210993.61728321,0,0.0669240951538086,217.380805015564,2,980,0,4,1960,TRUE,TRUE,2
4_982_2,2.54284012012762,0.814953259112271,0.345865878485748,2.91439970723481,0.905728901942229,0.00639567990846614,1.52095466492323,0.86143300828957,0.290477371858464,2.56555742465601,0.456976219408283,0.192333208835473,2.29297286459675,0.45835292780309,0.234858764749391,2.5933495328132,0.960001411085126,0.00518552813501116,0.695922013113046,0.866351164376486,0.0124657863702292,430705.945566019,0,0.149332446928834,0.309576343548631,0.277362054797333,0.0596350339235503,7210993.61728321,0,0.0679991245269775,218.196114063263,2,982,1,4,1964,TRUE,TRUE,2
4_994_1,1.33925280192209,0.964868284198671,0.412096806920616,2.92916842445757,0.97754613773281,0.00556490658161539,0.839338143037512,0.99606562827482,0.322229304233747,0.531690434562504,0.572071842631127,0.182504021553917,2.74201960282735,0.927737266722861,0.174242238544759,1.99204050849159,0.996114134645258,0.300194773779194,0.982819595356614,0.335017375434354,0.0166692115736708,1026955.06372371,0,0.168149036918293,0.267191504525854,0.083777045910995,0.142329428161172,7210993.61728321,0,0.0690009593963623,222.421601057053,1,994,1,4,1987,TRUE,TRUE,3
4_997_2,2.54284012012762,0.814953259112271,0.345865878485748,2.91439970723481,0.905728901942229,0.00639567990846614,1.52095466492323,0.86143300828957,0.290477371858464,2.92901433365007,0.434408430181304,0.360851521319323,2.29297286459675,0.45835292780309,0.234858764749391,2.5933495328132,0.960001411085126,0.00518552813501116,0.695922013113046,0.866351164376486,0.0124657863702292,430705.945566019,0,0.149296712716375,0.307319750036767,0.277707857853219,0.0596350339235503,7210993.61728321,0,0.056027889251709,223.663218975067,2,997,1,4,1994,TRUE,TRUE,1
4_999_2,2.55598807498178,0.447411858739235,0.352827056567424,2.91564977829674,0.945521313070669,0.0344369200274938,1.50097718848745,0.627357394815326,0.318435370784602,0.847762605893074,0.388571454366784,0.232907577967882,2.95541617281433,0.730839952179374,0.13670245590958,1.24048365566606,0.993033470195621,0.291853914884919,0.733439855771684,0.335146809005578,0.0370355129884453,716151.239386086,0,0.161123107039464,0.285077243506571,0.158744230657805,0.0992237308986756,7210993.61728321,0,0.063046932220459,224.32181096077,2,999,1,4,1998,TRUE,TRUE,3
5_318_2,0.583925744976635,0.597433922407414,0.604954755930197,0.972603012019944,0.388179187987863,0.0179881181493319,1.49505886904375,0.791631317506125,0.349638960787171,1.25398677603732,0.594972692418317,0.261737364825096,0.679380549893418,0.658901365021198,0.928625312781494,1.64657821987786,0.443605841315171,0.254325803465504,2.43004359337801,0.662333754507701,0.262630121649505,27392.9757246868,0,0.107977001894188,0.526088663382493,0.618555911690525,0.00369914955317766,7210993.61728321,0,0.039625883102417,76.4127259254456,2,318,0,5,636,TRUE,TRUE,1
5_333_2,0.571456568633807,0.572820422461881,0.604662203937396,0.860134729530499,0.497200896413322,0.0179881181493319,1.49505886904375,0.791631317506125,0.349638960787171,1.25398677603732,0.594972692418317,0.261737364825096,0.679380549893418,0.658901365021198,0.928625312781494,1.64657821987786,0.472166469263577,0.276434819091494,2.45753082029265,0.653646500992338,0.243325907273099,13052.448325065,0,0.107762382726682,0.576345820874004,0.620070750073766,0.00171024728020841,7210993.61728321,0,0.05442214012146,79.2506420612335,2,333,0,5,666,TRUE,TRUE,1
5_347_2,2.05062804113782,0.757536595716611,0.660158383446793,1.60546779970355,0.36691535959777,0.150895089200459,1.28598533084178,0.609060430178371,0.313076184822404,0.81419373350785,0.711877549464672,0.216712247576012,0.842097894867858,0.858528486762412,0.98698610820642,1.76697432230806,0.419200808230543,0.393777127785356,0.633810304262301,0.41987704494881,0.00233330206539086,1360.31981263854,0,0.107382532406108,0.643972527356326,0.6227444455589,8.86541319099117e-05,7210993.61728321,0,0.0432198047637939,81.9418559074402,2,347,0,5,694,TRUE,TRUE,3
5_464_1,2.96042976541097,0.432612706843499,0.435630661090938,2.68760035976561,0.986909649193102,0.0694539835874502,2.48257924146769,0.958116218688651,0.366399872327291,1.48584276538961,0.824079066502606,0.196944039451486,2.56142003316684,0.782456495463993,0.466561680799166,2.85492682851265,0.771112952211072,0.233167610142383,0.561230684999475,0.358276144166475,0.032932702574726,1245273.19516754,0,0.171418087600381,0.265144206117886,0.0478054513096252,0.172608190982022,7210993.61728321,0,0.0490739345550537,103.70275592804,1,464,1,5,927,TRUE,TRUE,3
5_547_1,1.26838812621815,0.744587313850146,0.413673821569943,2.96723974949218,0.929372393370197,0.0148500121638938,2.74302831636327,0.998186241030822,0.275790391228172,2.32435930212262,0.488627174907454,0.174324202683045,2.56011733426303,0.89959505407689,0.209324954493343,2.99804089194099,0.899941750824546,0.0879054844801867,1.00698577000133,0.436104089027061,0.0121797395531085,2041335.35816418,0,0.178193687633396,0.25124604099625,-0.0289565365011306,0.283014858832368,7210993.61728321,0,0.0463371276855469,123.685944080353,1,547,1,5,1093,TRUE,TRUE,2
5_555_2,0.79344780934832,0.776767930722461,0.382765402683457,2.90224559056033,0.903198055687975,0.0319983065054991,2.89893062816174,0.969795609163382,0.358149779811796,0.942999578236549,0.897632402081705,0.0216116322559267,1.49171266816812,0.669931054000119,0.967127494453442,2.42932584367256,0.405695199480057,0.0827295182010497,2.77321191637746,0.898147694189654,0.30243818343159,29507.406654293,0,0.107380307298177,0.605261778571549,0.622760079863853,0.00399240212086505,7210993.61728321,0,0.0483458042144775,125.535960912704,2,555,0,5,1110,TRUE,TRUE,1
5_600_2,1.41846312141682,0.776767930722461,0.382765402683457,2.90224559056033,0.903198055687975,0.0319983065054991,2.89893062816174,0.969795609163382,0.358149779811796,0.942999578236549,0.897632402081705,0.0216116322559267,1.49171266816812,0.669931054000119,0.967127494453442,2.42932584367256,0.405695199480057,0.0827295182010497,2.77321191637746,0.898147694189654,0.214355405735245,20491.5351583354,0,0.107235907052157,0.605880958579735,0.623773988500449,0.00274198176940839,7210993.61728321,0,0.0335409641265869,135.306423902512,2,600,0,5,1200,TRUE,TRUE,1
5_615_2,1.93000720295888,0.744641372743584,0.382765402683457,2.90224559056033,0.903198055687975,0.0319983065054991,2.89893062816174,0.969795609163382,0.358149779811796,0.942999578236549,0.897632402081705,0.0216116322559267,1.49171266816812,0.669931054000119,0.967127494453442,2.42932584367256,0.405695199480057,0.0827295182010497,2.77321191637746,0.898147694189654,0.240096563413105,126248.222122093,0,0.110899595926897,0.499825189441699,0.597627504235883,0.0174094838230262,7210993.61728321,0,0.0348169803619385,138.556452035904,2,615,0,5,1230,TRUE,TRUE,3
5_617_1,1.73902486940668,0.782997982731611,0.312453066343371,2.59768595478131,0.985407192538992,0.0148368765767474,2.61012153753888,0.916738855500618,0.0704339898782931,1.89241100810535,0.448153482959004,0.189328765335287,2.11779206787362,0.978889486136017,0.102201405867818,2.62109381434434,0.528843263613644,0.0152518794457118,0.665858227414231,0.368716918799209,0.0557804358896076,827209.932000456,0,0.16383272264023,0.275269821554832,0.130211429082704,0.114626573487264,7210993.61728321,0,0.0383450984954834,138.967210054398,1,617,1,5,1233,TRUE,TRUE,2
5_665_1,1.73747669238057,0.596280690590467,0.451342183497191,2.50013349823767,0.975836400510294,0.0939241720285931,1.08469014557032,0.806683486497135,0.312719156072208,1.27859280134093,0.858341497320016,0.110250521980382,0.921264858671901,0.526674122120475,0.956999995170861,1.62027649317488,0.487179440130732,0.188507145254523,2.36270105760272,0.812045801845563,0.236554444648209,12236.8082501603,0,0.107169714645394,0.625753397686535,0.624238303485397,0.0015971253319218,7210993.61728321,0,0.0352599620819092,150.0161049366,1,665,0,5,1329,TRUE,TRUE,2
5_792_1,2.19409451139338,0.618654830076475,0.396268362212231,2.80355761575577,0.947445885327067,0.00635128539170085,2.32902076227438,0.740091843373316,0.35676889235414,1.90405879112777,0.605201403135586,0.284434923439802,1.88643802211408,0.805339521810285,0.207321833085392,2.92640834481327,0.908175278382874,0.106894829922699,0.974447601996822,0.53269537792926,0.0197276100026585,2049827.56839219,0,0.178171226854459,0.25302466189261,-0.028697159089252,0.284192652072069,7210993.61728321,0,0.0319221019744873,174.58987402916,1,792,1,5,1583,TRUE,TRUE,2
5_824_1,1.69736708702226,0.653924043426846,0.413308372825062,2.83588491589103,0.979883843799213,0.0407167480118802,2.05186963975637,0.77953292895754,0.228613274412881,2.89661994287766,0.527877752635757,0.225538977811093,2.69205060543442,0.839328611485773,0.243981162599956,2.63327148607034,0.979997137592857,0.253131215010875,0.670732598833357,0.453113044564819,0.073764369558044,1367013.0213233,0,0.172839172949569,0.255518496832123,0.0319522976151282,0.189492410802169,7210993.61728321,0,0.0339260101318359,180.467351913452,1,824,1,5,1647,TRUE,TRUE,1
5_840_2,1.80099963135127,0.504733517043624,0.47868076963401,2.81598241050079,0.939384805762462,0.219035835877467,1.51934773627716,0.829478570604711,0.144745632167026,0.846863323273934,0.791656651133665,0.0302674676402777,1.84610868662962,0.44397000888936,0.953354560465588,2.79887845472726,0.700966828017781,0.310500850626627,2.36862368097624,0.957507602020146,0.391124162688427,15231.87764933,0,0.106535342775643,0.756446451227483,0.628673645106854,0.00201251454109874,7210993.61728321,0,0.0305349826812744,183.427429914475,2,840,0,5,1680,TRUE,TRUE,1
